case_id,setup,action,expected,boundary,acceptance_owner,result
swim_idle,Enter validated water to water_level 2 or 3 and stop,Hold still,Third-person body uses authored @swim_idle_all,Rendered-water-surface approximation determines immersion,Drew,not_run
swim_forward,Enter validated waist-deep water,Move forward,Third-person body uses the authored a_swimming_swimming_<hold>_N loop and continues swimming without grounded snapping,Only horizontal eight-way clips are mapped,Drew,not_run
swim_eight_way,Remain at water_level 2 or 3,Move through all eight horizontal directions,Body uses the a_swimming_swimming_<hold>_<direction> clip for the active weapon hold family,Vertical-only motion currently uses swim idle,Drew,not_run
swim_exit,Leave water and return to dry ground,Walk and jump,Normal locomotion and grounded state resume,Water classifier requires a sampled horizontal surface plus valid ray checks,Drew,not_run
swim_noclip,Enable noclip near water,Move and rise or dive,Noclip movement and dry movement pose path remain active,Water animation is not selected in noclip,Drew,not_run
reload_third_person,Equip pistol revolver SMG1 AR2 and shotgun in third person,Reload,Matching mapped full-body clip visibly blends on upper body during reload interval,Prototype bone-name blend only; no native layered gesture evaluation and other holds have blank reload mappings,Drew,not_run
reload_unsupported_hold,Equip crossbow RPG grenade or melee in third person,Reload,No body reload action is played for holds with an empty action mapping,Unsupported action families intentionally remain blank,Drew,not_run
crowbar_swing_third_person,Equip crowbar and enable third person,Attack once,One-shot generic @seq_meleeattack01 candidate blends over upper-body bones while locomotion continues,Shared generic sequence is not a verified crowbar-specific swing,Drew,not_run
stunstick_swing_third_person,Equip stunstick and enable third person,Attack once,One-shot generic @seq_meleeattack01 candidate blends over upper-body bones while locomotion continues,Shared generic sequence is not a verified stunstick-specific swing,Drew,not_run
vehicle_action_suppression,Occupy a vehicle while an action timestamp is recent,Observe body pose,Vehicle seating pose remains in control and reload or melee action does not replace it,Native combined vehicle/action gestures not implemented,Drew,not_run
crouched_airborne_action_suppression,Begin a reload or melee action while crouched or airborne,Observe body pose,Existing crouch or airborne locomotion remains active and standing action pose is suppressed,Action candidate does not yet support crouch or airborne blending,Drew,not_run
