id,priority,area,status,implementation,remaining,dependency,acceptance,acceptance_owner,result
rotate_mouse,P0,Physgun,partial,E plus mouse rotates around held grab point and suppresses view rotation,Shift angle snapping roll mode and collision-safe angular motion,Existing physgun grab,Hold LMB plus E and move mouse on both axes then stop release freeze undo and reopen F8,Drew,not_run
crouch_friction,P0,Movement,partial,Bound crouch movement stop floor to authored wish speed while preserving full release braking,Native friction and command conformance still require measurement,Existing crouch capsule,Compare flat-ground sustained crouch speed starting stopping reversing and standing without a speed stall,Drew,not_run
wheel_basis,P0,Vehicles,partial,Invert actual Source x-y-z to Bevy negative-y-z-negative-x basis for axle conversion,Native suspension pose parameters and per-model axis acceptance,Existing wheel attachment rows,Drive all three cars forward reverse and steer in F4 and inspect wheel spin axes,Drew,not_run
held_bonemerge,P0,Animation,partial,Merge held weapon bone globals by player bone name and skin the held mesh with movement,Hold-type inventory aim-pitch layers gestures IK and models lacking shared bones,Original player and weapon skeletons,Inspect physgun toolgun pistol SMG and other enabled world weapons while walking crouching jumping and turning,Drew,not_run
spread_sampling,P1,Weapons,partial,Centered two-uniform-sum sampling rejected outside unit disc replaces the fixed-radius ring,Native RNG command seeding weapon-specific recoil accuracy timers and spread convars,Authored weapon spread,Fire repeated single shots and shotgun pellets at a fixed wall and compare radial placement without declaring native parity,Drew,not_run
all_tools,P1,Tools,partial,Reviewed 38 source_tools rows with 13 partial including custom Freeze and 22 missing plus 3 reference-only,Complete all advertised left right reload settings persistence and constraint behavior,source_tools.csv and source_tool_options.csv,Run each partial tool case and ensure pending tools remain visibly pending,Drew,not_run
aiming_modes,P1,Weapons,partial,Custom hold-RMB FOV sensitivity and shared model offsets on eight enabled guns with lifecycle reset,Calibrate exact per-model sights and implement native secondary behavior separately from custom aim,source_weapon_handling.csv and weapon_handling_cases.csv,Check all eight guns and compare native crossbow scope and other secondary actions separately from custom ADS,Drew,not_run
audio_runtime,P1,Audio,missing,Existing build has no enabled Bevy audio backend,Enable supported decoding and mounted asset loading then sound-script events mixing attenuation voice limits loops and volume settings,Mounted sound inventory and audio backend,Check weapon fire reload empty tool actions footsteps props vehicles NPCs and menu sounds with missing-file fallback,Drew,not_run
prop_impacts,P1,Physics feedback,missing,Vehicle-only visual contact bursts exist but general prop-impact sound and shake do not,Surface-pair impact sound selection with mass speed thresholds cooldown and distance attenuation then optional bounded camera shake,Audio runtime and contact event policy,Drop light and heavy props on several surfaces and verify sleeping contacts do not loop effects or shake menus,Drew,not_run
ragdoll_runtime,P1,Ragdolls,missing,No articulated ragdoll runtime is claimed,Read legal model physics solids and joint limits then instantiate bone-linked bodies constrained joints skinning bone targeting cleanup and scene restoration,Physics asset metadata and articulated entity lifecycle,Spawn and drop a legal ragdoll grab individual bodies remove undo save and restore then connect NPC death lifecycle,Drew,not_run
