id,area,scenario,current_implementation,remaining,acceptance_owner,result
spawn_floor,placement,Spawn barrel crate furniture on flat floor,Model support point offsets origin outside traced surface,Compare actual resting geometry against original collision solids,Drew,not_run
spawn_slope,placement,Spawn on slopes walls and ceilings,Support projection along normalized surface normal,Full shape overlap resolution near corners,Drew,not_run
spawn_moving,placement,Spawn onto a moving prop during cold loading,Click-time trace plane retained,Track moving hit entity transform through asynchronous preparation,Drew,not_run
spawn_sky,placement,Spawn while aiming at sky,Forward fallback with upward support,Match stock no-hit behavior and distance,Drew,not_run
spawn_cancel,placement,Cancel cold queued spawn with Z,Existing bounded queue and cancel retained,Confirm no scene insertion after cancellation,Drew,not_run
startup,main_menu,Launch play.cmd without arguments,Independent startup menu before map decoding,Reference artwork and font mounted; exact typography rotation and full skin remain,Drew,not_run
map_select,new_game,Select supported map and start,Compiled map cards and explicit Start Game,Installed thumbnails search and local favorites added; full map category discovery remains,Drew,not_run
map_layout,new_game,Compare map selection at same resolution,Authored 128px card region and 226px settings column,Exact padding card caption geometry and responsive layout,Drew,not_run
map_categories,new_game,Browse all installed map categories,Only compiled supported maps shown,Discover supported maps and category labels without enabling unsupported content,Drew,not_run
map_search,new_game,Search and favorite maps,Case-insensitive filter and local favorites with native hover icon states,Full text editing IME clipboard and addon-name filtering,Drew,not_run
newgame_settings,new_game,Adjust Sandbox settings before starting,Single-player Sandbox explicitly labeled,God mode noclip weapons PvP and entity limits with reference defaults,Drew,not_run
newgame_players,new_game,Choose player count and server settings,Multiplayer explicitly unavailable,Networking server name password player limits and peer options,Drew,not_run
newgame_modes,new_game,Choose game mode,Only Sandbox supported,Mounted mode inventory and actual mode runtime,Drew,not_run
loading,new_game,Start selected map and wait for ready window,Child process with per-session logs and ready-file handoff,Stock loading screen progress and timeout recovery,Drew,not_run
loading_failure,new_game,Missing or malformed map content,Child failure retains parent scene and reports logs,Inline detailed failure and retry action,Drew,not_run
pause,pause_menu,Press Escape during walking and physics,Separate menu blocks input and pauses virtual time,Compare exact reference animation and pause behavior,Drew,not_run
resume,pause_menu,Resume by Escape and button,One-frame click isolation then gameplay resumes,Compare cursor recapture and held input edge cases,Drew,not_run
quit,pause_menu,Quit or press F10 with unsaved props,Save continue discard and cancel confirmation,Native window close still uses OS close behavior,Drew,not_run
map_change,pause_menu,Start another map with an existing scene,Confirmation and optional scene save before launch,Recover pending queued props and cross-map save selection,Drew,not_run
disconnect,pause_menu,Return to startup menu,Confirmation followed by new startup process,Exact stock transition and background behavior,Drew,not_run
save,pause_menu,Save current scene then load latest,Existing versioned local scene serializer,Stock save browser thumbnails selection and Workshop compatibility,Drew,not_run
options,pause_menu,Adjust player settings while paused,FOV sensitivity and noclip speed buttons,Complete options categories widgets reset and persistence,Drew,not_run
options_startup,main_menu,Set options before loading a map,Explicit unavailable message,Shared persistent settings and full startup options pages,Drew,not_run
key_bindings,options,Rebind controls and reset defaults,Not implemented,Complete reference bindings conflict handling and persistence,Drew,not_run
video_audio,options,Change display graphics and sound,Not implemented,Supported backend options apply revert and audio runtime,Drew,not_run
multiplayer,main_menu,Browse and join a server,Explicit pending label,Server browser protocol networking filters and connection flow,Drew,not_run
addons,main_menu,Browse and manage addons,Explicit pending label,Safe mounted addon inventory and compatible execution support,Drew,not_run
demos_dupes,main_menu,Use demos and duplication browsers,Explicit pending label,Native formats and browser operations,Drew,not_run
mounts,main_menu,Choose installed games,Explicit pending label,Mount discovery status permissions and safe runtime refresh,Drew,not_run
footer,main_menu,Inspect language games problems and version footer,Anchored footer with responsive labels and page-preserving popups,Full diagnostics localization mounted game discovery and precise icon metrics,Drew,not_run
footer_popup,main_menu,Open each footer popup then Escape outside click or same button,Sheet-authored anchors with input-blocking dismissal layer,Confirm dismissal does not select a map or resume gameplay,Drew,not_run
footer_resize,main_menu,Resize across 940 logical pixels,Problems and Games labels collapse and center margin becomes15px,Compare reference icon baselines widths and label clipping,Drew,not_run
favorite_hover,new_game,Move over map then favorite icon then off the card,Native normal add remove images with saved favorites visible,Compare hover transitions and ensure favorite never launches map,Drew,not_run
label_hits,ui,Click every label thumbnail icon and button padding,Explicit FocusPolicy Pass on decorations,Confirm exactly one owning action per press including Q menu thumbnails,Drew,not_run
feedback_open,feedback,Open button or F8 during play,Four-field local modal with category and gameplay pause,Compare accessibility and small window layout,Drew,not_run
feedback_typing,feedback,Enter detailed multiline report,Append backspace newline Tab and click field selection,Cursor selection clipboard IME undo and richer text editing,Drew,not_run
feedback_draft,feedback,Close feedback reopen and restart,Local JSON draft persisted on edits,Crash-safe atomic draft writes and explicit recovery UI,Drew,not_run
feedback_submit,feedback,Save title observed expected and reproduction notes,Unique synchronized JSON report with map tool eye position prop count and status,Attachments screenshots and editable saved report browser,Drew,not_run
feedback_failure,feedback,Submit with blank fields or unwritable folder,Validation and surfaced filesystem errors preserve report text until saved,Exercise all disk failure boundaries,Drew,not_run
feedback_review,feedback,Ask Jcode to review reports,Ignored local feedback inbox documented for future review,No automatic upload or background agent processing by design,Drew,not_run
input_isolation,ui,Type Q WASD digits and click Save in feedback,Frontend blocks gameplay and hides Q menu,Exercise held keys mouse capture focus loss and tool stage cancellation,Drew,not_run
scroll_dpi,ui,Enter long feedback and resize window,Wheel scrolling with bounds and reset on page changes,Reference scrollbars small-window navigation and DPI text metrics,Drew,not_run
