id,phase,screen,requirement,reference,status,depends_on,acceptance_owner,acceptance,result
menu_input,01,all,Labels icons and decorative nodes pass hits to one owning button,Bevy focus.rs and frontend_cases,implemented_partial,none,Drew,Click label image and padding once then hold and drag without duplicate actions,not_run
menu_home,01,main_pause,Original main entry ordering visibility spacing logo font and background,menu_reference home_* and source_main_menu,implemented_partial,menu_input,Drew,Compare startup and pause at equal resolution including every separator and conditional entry,not_run
menu_resize,01,main_pause,1280 width and 580 height and 420 height and 640 width breakpoints,PageOptions.css,implemented_partial,menu_home,Drew,Compare immediately above at and below every breakpoint including DPI scaling,not_run
menu_type,02,all,Arial fallback exact baselines letter spacing shadow blur and text wrapping,menu_css_geometry,partial,menu_home,Drew,Compare reference baselines line widths and clipping at 100 and 150 percent scale,not_run
menu_backdrop,02,main_pause,Background rotation transitions and correct transparent pause presentation,Menu.css and control.Main.js,partial,menu_home,Drew,Compare rotation timing aspect crop pause tint and resume continuity,not_run
menu_footer,01,all,50 pixel footer icon sizes labels and 940 pixel compact layout,NavBar.css and menu.html,implemented_partial,menu_input,Drew,Compare all footer controls above and below 940 logical pixels,not_run
menu_popup,01,all,Games language and gamemode popup anchors toggle dismissal and page preservation,NavBar.css and menu.html,implemented_partial,menu_footer,Drew,Toggle each popup then dismiss with outside click and Escape without changing the underlying page,not_run
menu_problems,03,problems,Severity badge diagnostic list details and reference panel layout,menu.html ToggleProblems and native diagnostics UI,missing,menu_footer,Drew,Known diagnostics show accurate counts severity and detail actions,not_run
menu_languages,04,language,Language grid installed flag dimensions translations and persistence,menu.html language_list,missing,menu_popup,Drew,Switch supported language and restart with all labels translated,not_run
menu_mounts,04,games,Owned installed unavailable and mounted states sorted into groups,menu.html games_list,missing,menu_popup,Drew,Read-only discovery is accurate and explicit mount changes preserve Steam data,not_run
menu_modes,04,gamemodes,Installed menusystem modes icons sorted names and real runtime selection,menu.html gamemode_list,missing,menu_popup,Drew,Every selectable mode launches its implemented rules rather than silently running Sandbox,not_run
menu_news,04,main,News image summary pagination hide and external-link handling,template/main.html,missing,menu_home,Drew,Offline state is clean and no unexpected remote actions occur,not_run
menu_maps,01,new_game,White map panel category region title cards captions settings and Start anchors,NewGame.css and menu_reference,implemented_partial,menu_input,Drew,Compare 128 pixel thumbnails and every panel edge at equal viewport dimensions,not_run
menu_categories,02,new_game,Actual mounted categories ordering counts and empty category visibility,template/newgame.html and control.NewGame.js,partial,menu_maps,Drew,Counts follow filter and category selection for every supported map,not_run
menu_search,02,new_game,Autofocus full text editing filter addon-name matching and empty result state,template/newgame.html,partial,menu_categories,Drew,Type delete select paste Unicode and clear with no gameplay input leakage,not_run
menu_favorites,01,new_game,Reference hidden normal add and remove favorite icon states and local persistence,NewGame.css lines7-28,implemented_partial,menu_maps,Drew,Favorite control never selects or launches map and survives restart,not_run
menu_select,01,new_game,Single selection double-click launch retained default and sorted map list,control.NewGame.js,implemented_partial,menu_maps,Drew,Single click only selects and double click launches exactly once,not_run
menu_scroll,02,all,Independent bounded scrolling visible draggable scrollbars and wheel targeting,NavBar.css scrollbar rules,partial,menu_maps,Drew,Wheel only affects hovered panel and positions survive unrelated changes,not_run
menu_newsettings,03,new_game,All 30 Sandbox settings with correct kind default grouping singleplayer visibility and runtime effects,newgame_reference_options,missing,menu_maps,Drew,Every enabled setting changes actual gameplay and persists with the expected default,not_run
menu_players,04,new_game,1 2 4 8 16 32 64 128 player dropdown and true server startup,control.NewGame.js,missing,menu_newsettings,Drew,Only operational player counts can start a server,not_run
menu_serverfields,04,new_game,Hostname LAN P2P and friends-only conditional controls,template/newgame.html,missing,menu_players,Drew,Network settings apply to the launched server and conditional visibility matches,not_run
menu_loading,03,loading,Progress map and mode identification cancel errors timeout and retry,loading.html and frontend_cases,partial,menu_select,Drew,Failure preserves parent scene and retry starts exactly one child,not_run
menu_optionsframe,03,options,Native dialog frame tabs position close OK Cancel and Apply semantics,native_menu_controls and inherited native resources,missing,menu_input,Drew,Changes apply cancel revert and survive restart as specified,not_run
menu_keyboard,03,options_keyboard,Bindings list change clear defaults advanced focus and conflicts,native_menu_controls OptionsSubKeyboard,missing,menu_optionsframe,Drew,Rebinding changes actual input and reset restores reference defaults,not_run
menu_mouse,03,options_mouse,Inherited sensitivity invert acceleration and raw-input controls,inherited native resources not yet resolved,missing,menu_optionsframe,Drew,Inventory inherited controls then compare real camera response and persistence,not_run
menu_audio,03,options_audio,Every inventoried audio slider caption speaker language and mute control,native_menu_controls OptionsSubAudio,missing,menu_optionsframe,Drew,Each supported option changes actual audio rather than only stored values,not_run
menu_video,03,options_video,Resolution aspect display mode FPS gamma and advanced dialog,native_menu_controls OptionsSubVideo,missing,menu_optionsframe,Drew,Supported display changes apply and safely revert without losing the game,not_run
menu_video_advanced,03,options_video,Detail filtering shadows water shader vsync antialias and motion blur controls,native_menu_controls OptionsSubVideoAdvancedDlg,missing,menu_video,Drew,Enabled settings change actual renderer state and unsupported choices remain disabled,not_run
menu_multiplayeropts,03,options_multiplayer,Sprays download filter loading screen fast switch crosshair and FOV,native_menu_controls OptionsSubMultiplayer,partial,menu_optionsframe,Drew,Local supported settings work before and after loading a map,not_run
menu_legal,03,options_legal,Independent-project legal and third-party credits routes,native_menu_controls OptionsSubGModLegal,missing,menu_optionsframe,Drew,Links and notices accurately describe this independent implementation,not_run
menu_servers,04,servers,Server sources modes filters search sorting refresh favorites history and join,menu_html_controls servers and menu_css_geometry Servers.css,missing,menu_players,Drew,Reference layout plus real discovery and connection flow without fake server results,not_run
menu_addons,04,addons,Installed and Workshop categories search sort pagination enable disable subscribe and dialogs,menu_html_controls addon templates and Workshop.css,missing,menu_mounts,Drew,Each action has real compatible addon lifecycle and confirmation where destructive,not_run
menu_saves,03,saves,Browser categories thumbnails metadata search ordering save load delete and upload,menu_html_controls saves templates and Workshop.css,partial,menu_maps,Drew,Local saves remain intact and format compatibility is never falsely advertised,not_run
menu_dupes,04,dupes,Browser local and Workshop content metadata filtering download and spawn,menu_html_controls dupes templates and Workshop.css,missing,menu_addons,Drew,Selected compatible assembly spawns with preserved constraints and properties,not_run
menu_demos,04,demos,Browser metadata recording playback deletion and compatibility,menu_html_controls demos templates,missing,menu_maps,Drew,Recorded sessions play back with actual supported format and safe file handling,not_run
menu_dialogs,03,all,Confirmation panels progress disabled busy states keyboard cancel and error recovery,PageOptions.css modaldialog and menu_html_controls,partial,menu_input,Drew,Destructive actions require confirmation and cancellation preserves the scene,not_run
menu_q,03,spawnmenu,Exact Q panel tabs spawnlists search tool hierarchy option widgets and hold behavior,presentation_references and tool_reference_options,partial,menu_input,Drew,Compare all tab tree and tool actions including label and thumbnail hit targets,not_run
menu_c,04,contextmenu,Exact C screen player model colors properties persistence and context actions,work_queue menu_03b and installed Sandbox Lua,missing,menu_q,Drew,Every visible action has an implemented effect and correct permission checks,not_run
menu_hud,04,hud,Weapon selection crosshair hints health ammo notifications chat and scoreboard,parity_gaps hud and chat_scoreboard,missing,menu_c,Drew,Compare all gameplay state variants rather than only idle HUD,not_run
menu_capture,05,all,Reference build identity matching viewports and full state-by-state acceptance,frontend_cases and menu_reference,not_run,menu_dialogs,Drew,Record original and candidate evidence for each item without equating compilation with parity,not_run
