"source","line","tag","control_id","kind","label_token","events","handlers","binding","route","conditional","repeated","status","result","remaining"
"html/menu.html","6","link",,"text/css",,"","",,"css/menu/Menu.css","False","False","reference_only","not_run","Match layout state visibility input behavior and backend; repeated ancestors and generated controls require separate runtime inventory"
"html/menu.html","7","link",,"text/css",,"","",,"css/menu/NavBar.css","False","False","reference_only","not_run","Match layout state visibility input behavior and backend; repeated ancestors and generated controls require separate runtime inventory"
"html/menu.html","8","link",,"text/css",,"","",,"css/menu/PageOptions.css","False","False","reference_only","not_run","Match layout state visibility input behavior and backend; repeated ancestors and generated controls require separate runtime inventory"
"html/menu.html","9","link",,"text/css",,"","",,"css/menu/NewGame.css","False","False","reference_only","not_run","Match layout state visibility input behavior and backend; repeated ancestors and generated controls require separate runtime inventory"
"html/menu.html","10","link",,"text/css",,"","",,"css/menu/Servers.css","False","False","reference_only","not_run","Match layout state visibility input behavior and backend; repeated ancestors and generated controls require separate runtime inventory"
"html/menu.html","11","link",,"text/css",,"","",,"css/Workshop.css","False","False","reference_only","not_run","Match layout state visibility input behavior and backend; repeated ancestors and generated controls require separate runtime inventory"
"html/menu.html","40","div","version",,,"ng-click","ShowNews",,"","True","False","reference_only","not_run","Match layout state visibility input behavior and backend; repeated ancestors and generated controls require separate runtime inventory"
"html/menu.html","50","a","BackToMenu",,,"","",,"#/","True","False","reference_only","not_run","Match layout state visibility input behavior and backend; repeated ancestors and generated controls require separate runtime inventory"
"html/menu.html","50","span",,,"'back_to_main_menu'","","",,"","False","False","reference_only","not_run","Match layout state visibility input behavior and backend; repeated ancestors and generated controls require separate runtime inventory"
"html/menu.html","58","div",,,,"ng-click","BackToGame",,"","True","False","reference_only","not_run","Match layout state visibility input behavior and backend; repeated ancestors and generated controls require separate runtime inventory"
"html/menu.html","58","a",,,,"","",,"#/","False","False","reference_only","not_run","Match layout state visibility input behavior and backend; repeated ancestors and generated controls require separate runtime inventory"
"html/menu.html","58","span",,,"'back_to_game'","","",,"","False","False","reference_only","not_run","Match layout state visibility input behavior and backend; repeated ancestors and generated controls require separate runtime inventory"
"html/menu.html","59","div",,,,"ng-click","ToggleServerFavorites",,"","True","False","reference_only","not_run","Match layout state visibility input behavior and backend; repeated ancestors and generated controls require separate runtime inventory"
"html/menu.html","59","a",,,,"","",,"#/","False","False","reference_only","not_run","Match layout state visibility input behavior and backend; repeated ancestors and generated controls require separate runtime inventory"
"html/menu.html","59","span",,,"'favorite_this_server'","","",,"","False","False","reference_only","not_run","Match layout state visibility input behavior and backend; repeated ancestors and generated controls require separate runtime inventory"
"html/menu.html","60","div",,,,"ng-click","ToggleServerFavorites",,"","True","False","reference_only","not_run","Match layout state visibility input behavior and backend; repeated ancestors and generated controls require separate runtime inventory"
"html/menu.html","60","a",,,,"","",,"#/","False","False","reference_only","not_run","Match layout state visibility input behavior and backend; repeated ancestors and generated controls require separate runtime inventory"
"html/menu.html","60","span",,,"'unfavorite_this_server'","","",,"","False","False","reference_only","not_run","Match layout state visibility input behavior and backend; repeated ancestors and generated controls require separate runtime inventory"
"html/menu.html","64","div",,,,"ng-click","ToggleProblems",,"","False","False","reference_only","not_run","Match layout state visibility input behavior and backend; repeated ancestors and generated controls require separate runtime inventory"
"html/menu.html","65","span",,,"'problems'","","",,"","False","False","reference_only","not_run","Match layout state visibility input behavior and backend; repeated ancestors and generated controls require separate runtime inventory"
"html/menu.html","68","div",,,,"ng-click","TogglePopup",,"","True","False","reference_only","not_run","Match layout state visibility input behavior and backend; repeated ancestors and generated controls require separate runtime inventory"
"html/menu.html","69","div",,,,"ng-click","ToggleGames",,"","False","False","reference_only","not_run","Match layout state visibility input behavior and backend; repeated ancestors and generated controls require separate runtime inventory"
"html/menu.html","69","span",,,"'games'","","",,"","False","False","reference_only","not_run","Match layout state visibility input behavior and backend; repeated ancestors and generated controls require separate runtime inventory"
"html/menu.html","70","div",,,,"ng-click","ToggleLanguage",,"","False","False","reference_only","not_run","Match layout state visibility input behavior and backend; repeated ancestors and generated controls require separate runtime inventory"
"html/menu.html","71","div",,,,"ng-click","ToggleGamemodes",,"","False","False","reference_only","not_run","Match layout state visibility input behavior and backend; repeated ancestors and generated controls require separate runtime inventory"
"html/menu.html","77","li",,,,"ng-click","SelectGamemode",,"","False","True","reference_only","not_run","Match layout state visibility input behavior and backend; repeated ancestors and generated controls require separate runtime inventory"
"html/menu.html","83","li",,,,"ng-click","SelectLanguage",,"","False","True","reference_only","not_run","Match layout state visibility input behavior and backend; repeated ancestors and generated controls require separate runtime inventory"
"html/menu.html","90","span",,,"'game_not_owned'","","",,"","False","False","reference_only","not_run","Match layout state visibility input behavior and backend; repeated ancestors and generated controls require separate runtime inventory"
"html/menu.html","91","span",,,"'game_not_installed'","","",,"","False","False","reference_only","not_run","Match layout state visibility input behavior and backend; repeated ancestors and generated controls require separate runtime inventory"
"html/menu.html","94","input",,"checkbox",,"ng-change","GameMountChanged","game.mounted","","True","False","reference_only","not_run","Match layout state visibility input behavior and backend; repeated ancestors and generated controls require separate runtime inventory"
"html/menu.html","110","input",,"checkbox",,"ng-change","update","kinect.show_color","","False","False","reference_only","not_run","Match layout state visibility input behavior and backend; repeated ancestors and generated controls require separate runtime inventory"
"html/menu.html","110","span",,,"'motionsensor.showcolor'","","",,"","False","False","reference_only","not_run","Match layout state visibility input behavior and backend; repeated ancestors and generated controls require separate runtime inventory"
"html/menu.html","117","span",,,"'motionsensor.colorpos'","","",,"","False","False","reference_only","not_run","Match layout state visibility input behavior and backend; repeated ancestors and generated controls require separate runtime inventory"
"html/menu.html","121","input",,"radio",,"ng-change","update","kinect.color","","False","False","reference_only","not_run","Match layout state visibility input behavior and backend; repeated ancestors and generated controls require separate runtime inventory"
"html/menu.html","122","span",,,"'motionsensor.showcolor.'+ option","","",,"","False","False","reference_only","not_run","Match layout state visibility input behavior and backend; repeated ancestors and generated controls require separate runtime inventory"
"html/menu.html","128","span",,,"'motionsensor.colorsize'","","",,"","False","False","reference_only","not_run","Match layout state visibility input behavior and backend; repeated ancestors and generated controls require separate runtime inventory"
"html/menu.html","132","input",,"radio",,"ng-change","update","kinect.color_size","","False","False","reference_only","not_run","Match layout state visibility input behavior and backend; repeated ancestors and generated controls require separate runtime inventory"
"html/menu.html","133","span",,,"'motionsensor.colorsize.'+ option","","",,"","False","False","reference_only","not_run","Match layout state visibility input behavior and backend; repeated ancestors and generated controls require separate runtime inventory"
"html/template/addon_list.html","4","h2",,,"'addons'","","",,"","False","False","reference_only","not_run","Match layout state visibility input behavior and backend; repeated ancestors and generated controls require separate runtime inventory"
"html/template/addon_list.html","7","a",,,"'addons.subscribed'","ng-click","Switch",,"","False","False","reference_only","not_run","Match layout state visibility input behavior and backend; repeated ancestors and generated controls require separate runtime inventory"
"html/template/addon_list.html","10","a",,,"'addons.'+tag","ng-click","SwitchWithTag",,"","True","False","reference_only","not_run","Match layout state visibility input behavior and backend; repeated ancestors and generated controls require separate runtime inventory"
"html/template/addon_list.html","12","input",,"text","'addons.search'","ng-change","HandleOnSearch","SubscriptionSearchText","","False","False","reference_only","not_run","Match layout state visibility input behavior and backend; repeated ancestors and generated controls require separate runtime inventory"
"html/template/addon_list.html","19","a",,,"'addons.'+cat","ng-click","SwitchWithTag",,"","True","False","reference_only","not_run","Match layout state visibility input behavior and backend; repeated ancestors and generated controls require separate runtime inventory"
"html/template/addon_list.html","23","a",,,"'addons.'+tag","ng-click","SwitchWithTag",,"","True","False","reference_only","not_run","Match layout state visibility input behavior and backend; repeated ancestors and generated controls require separate runtime inventory"
"html/template/addon_list.html","31","a",,,"'addons.' + cat","ng-click","SwitchWithTag",,"","True","False","reference_only","not_run","Match layout state visibility input behavior and backend; repeated ancestors and generated controls require separate runtime inventory"
"html/template/addon_list.html","35","a",,,"'addons.'+tag","ng-click","SwitchWithTag",,"","True","False","reference_only","not_run","Match layout state visibility input behavior and backend; repeated ancestors and generated controls require separate runtime inventory"
"html/template/addon_list.html","42","a",,,"'addons.openworkshop'","ng-click","OpenWorkshop",,"","False","False","reference_only","not_run","Match layout state visibility input behavior and backend; repeated ancestors and generated controls require separate runtime inventory"
"html/template/addon_list.html","48","span",,,"(Tagged == '' || Tagged == 'Addon') && 'addons.'+Category || 'addons.'+Tagged","","",,"","False","False","reference_only","not_run","Match layout state visibility input behavior and backend; repeated ancestors and generated controls require separate runtime inventory"
"html/template/addon_list.html","49","small",,,"(Tagged == '' || Tagged == 'Addon') && 'addons.'+Category + '.subtitle' || 'addons.'+Tagged+'.subtitle'","","",,"","False","False","reference_only","not_run","Match layout state visibility input behavior and backend; repeated ancestors and generated controls require separate runtime inventory"
"html/template/addon_list.html","53","workshopmessage",,,"'addons.loading'","","",,"","True","False","reference_only","not_run","Match layout state visibility input behavior and backend; repeated ancestors and generated controls require separate runtime inventory"
"html/template/addon_list.html","54","workshopmessage",,,"'addons.none'","","",,"","True","False","reference_only","not_run","Match layout state visibility input behavior and backend; repeated ancestors and generated controls require separate runtime inventory"
"html/template/addon_list.html","55","workshopmessage",,,"'addons.disabled'","","",,"","True","False","reference_only","not_run","Match layout state visibility input behavior and backend; repeated ancestors and generated controls require separate runtime inventory"
"html/template/addon_list.html","57","workshopicon",,,,"ng-click","ToggleSelect",,"","True","True","reference_only","not_run","Match layout state visibility input behavior and backend; repeated ancestors and generated controls require separate runtime inventory"
"html/template/addon_list.html","65","label",,,,"ng-click","OpenWorkshopFile",,"","False","False","reference_only","not_run","Match layout state visibility input behavior and backend; repeated ancestors and generated controls require separate runtime inventory"
"html/template/addon_list.html","66","span",,,"'ugc.loading'","","",,"","True","False","reference_only","not_run","Match layout state visibility input behavior and backend; repeated ancestors and generated controls require separate runtime inventory"
"html/template/addon_list.html","69","span",,,"'ugc.loading'","","",,"","True","False","reference_only","not_run","Match layout state visibility input behavior and backend; repeated ancestors and generated controls require separate runtime inventory"
"html/template/addon_list.html","74","input",,"checkbox",,"","","SelectedItems[ file.id ]","","True","False","reference_only","not_run","Match layout state visibility input behavior and backend; repeated ancestors and generated controls require separate runtime inventory"
"html/template/addon_list.html","78","control",,,,"ng-click","Rate",,"","True","False","reference_only","not_run","Match layout state visibility input behavior and backend; repeated ancestors and generated controls require separate runtime inventory"
"html/template/addon_list.html","79","control",,,,"ng-click","Rate",,"","True","False","reference_only","not_run","Match layout state visibility input behavior and backend; repeated ancestors and generated controls require separate runtime inventory"
"html/template/addon_list.html","80","control",,,,"ng-click","Favorite",,"","True","False","reference_only","not_run","Match layout state visibility input behavior and backend; repeated ancestors and generated controls require separate runtime inventory"
"html/template/addon_list.html","81","control",,,,"ng-click","Favorite",,"","True","False","reference_only","not_run","Match layout state visibility input behavior and backend; repeated ancestors and generated controls require separate runtime inventory"
"html/template/addon_list.html","82","control",,,"'demos.publish'","ng-click","PublishLocal",,"","True","False","reference_only","not_run","Match layout state visibility input behavior and backend; repeated ancestors and generated controls require separate runtime inventory"
"html/template/addon_list.html","83","control",,,"'demos.delete'","ng-click","DeleteLocal",,"","True","False","reference_only","not_run","Match layout state visibility input behavior and backend; repeated ancestors and generated controls require separate runtime inventory"
"html/template/addon_list.html","87","control",,,"'addon.disable'","ng-click","Disable",,"","True","False","reference_only","not_run","Match layout state visibility input behavior and backend; repeated ancestors and generated controls require separate runtime inventory"
"html/template/addon_list.html","88","control",,,"'addon.enable'","ng-click","Enable",,"","True","False","reference_only","not_run","Match layout state visibility input behavior and backend; repeated ancestors and generated controls require separate runtime inventory"
"html/template/addon_list.html","90","control",,,"'addon.subscribe'","ng-click","Subscribe",,"","True","False","reference_only","not_run","Match layout state visibility input behavior and backend; repeated ancestors and generated controls require separate runtime inventory"
"html/template/addon_list.html","91","control",,,"'addon.unsubscribe'","ng-click","Unsubscribe",,"","True","False","reference_only","not_run","Match layout state visibility input behavior and backend; repeated ancestors and generated controls require separate runtime inventory"
"html/template/addon_list.html","92","control",,,"'addon.mark_unused'","ng-click","MarkUnused",,"","True","False","reference_only","not_run","Match layout state visibility input behavior and backend; repeated ancestors and generated controls require separate runtime inventory"
"html/template/addon_list.html","101","a",,,,"ng-click","Go",,"","False","False","reference_only","not_run","Match layout state visibility input behavior and backend; repeated ancestors and generated controls require separate runtime inventory"
"html/template/addon_list.html","102","a",,,,"ng-click","Go",,"","False","False","reference_only","not_run","Match layout state visibility input behavior and backend; repeated ancestors and generated controls require separate runtime inventory"
"html/template/addon_list.html","105","a",,,,"ng-click","GoToPage",,"","False","False","reference_only","not_run","Match layout state visibility input behavior and backend; repeated ancestors and generated controls require separate runtime inventory"
"html/template/addon_list.html","111","a",,,,"ng-click","ToggleSettings",,"","True","False","reference_only","not_run","Match layout state visibility input behavior and backend; repeated ancestors and generated controls require separate runtime inventory"
"html/template/addon_list.html","117","span",,,"'addons.filter_by'","","",,"","False","False","reference_only","not_run","Match layout state visibility input behavior and backend; repeated ancestors and generated controls require separate runtime inventory"
"html/template/addon_list.html","118","input","FilterEnabledOnly","checkbox",,"ng-change","HandleFilterChange","FilterEnabledOnly","","False","False","reference_only","not_run","Match layout state visibility input behavior and backend; repeated ancestors and generated controls require separate runtime inventory"
"html/template/addon_list.html","118","label",,,"'addons.enabled_only'","","",,"","False","False","reference_only","not_run","Match layout state visibility input behavior and backend; repeated ancestors and generated controls require separate runtime inventory"
"html/template/addon_list.html","119","input","FilterDisabledOnly","checkbox",,"ng-change","HandleFilterChange","FilterDisabledOnly","","False","False","reference_only","not_run","Match layout state visibility input behavior and backend; repeated ancestors and generated controls require separate runtime inventory"
"html/template/addon_list.html","119","label",,,"'addons.disabled_only'","","",,"","False","False","reference_only","not_run","Match layout state visibility input behavior and backend; repeated ancestors and generated controls require separate runtime inventory"
"html/template/addon_list.html","122","span",,,"'addons.sort_by'","","",,"","False","False","reference_only","not_run","Match layout state visibility input behavior and backend; repeated ancestors and generated controls require separate runtime inventory"
"html/template/addon_list.html","123","input","UGCSortMethod_title","radio",,"ng-change","HandleSortChange","UGCSortMethod","","False","False","reference_only","not_run","Match layout state visibility input behavior and backend; repeated ancestors and generated controls require separate runtime inventory"
"html/template/addon_list.html","123","label",,,"'addons.name'","","",,"","False","False","reference_only","not_run","Match layout state visibility input behavior and backend; repeated ancestors and generated controls require separate runtime inventory"
"html/template/addon_list.html","124","input","UGCSortMethod_size","radio",,"ng-change","HandleSortChange","UGCSortMethod","","False","False","reference_only","not_run","Match layout state visibility input behavior and backend; repeated ancestors and generated controls require separate runtime inventory"
"html/template/addon_list.html","124","label",,,"'addons.size'","","",,"","False","False","reference_only","not_run","Match layout state visibility input behavior and backend; repeated ancestors and generated controls require separate runtime inventory"
"html/template/addon_list.html","125","input","UGCSortMethod_updated","radio",,"ng-change","HandleSortChange","UGCSortMethod","","False","False","reference_only","not_run","Match layout state visibility input behavior and backend; repeated ancestors and generated controls require separate runtime inventory"
"html/template/addon_list.html","125","label",,,"'addons.update_date'","","",,"","False","False","reference_only","not_run","Match layout state visibility input behavior and backend; repeated ancestors and generated controls require separate runtime inventory"
"html/template/addon_list.html","126","input","UGCSortMethod_subscribed","radio",,"ng-change","HandleSortChange","UGCSortMethod","","False","False","reference_only","not_run","Match layout state visibility input behavior and backend; repeated ancestors and generated controls require separate runtime inventory"
"html/template/addon_list.html","126","label",,,"'addons.sub_date'","","",,"","False","False","reference_only","not_run","Match layout state visibility input behavior and backend; repeated ancestors and generated controls require separate runtime inventory"
"html/template/addon_list.html","130","a",,,"'addons.selectall'","ng-click","SelectAll",,"","False","False","reference_only","not_run","Match layout state visibility input behavior and backend; repeated ancestors and generated controls require separate runtime inventory"
"html/template/addon_list.html","131","a",,,"'addons.selectpage'","ng-click","SelectAllPage",,"","False","False","reference_only","not_run","Match layout state visibility input behavior and backend; repeated ancestors and generated controls require separate runtime inventory"
"html/template/addon_list.html","132","a",,,"'addons.enableall'","ng-click","DisplayPopupMessage",,"","False","False","reference_only","not_run","Match layout state visibility input behavior and backend; repeated ancestors and generated controls require separate runtime inventory"
"html/template/addon_list.html","133","a",,,"'addons.disableall'","ng-click","DisplayPopupMessage",,"","False","False","reference_only","not_run","Match layout state visibility input behavior and backend; repeated ancestors and generated controls require separate runtime inventory"
"html/template/addon_list.html","134","a",,,"'addons.uninstallall'","ng-click","DisplayPopupMessage",,"","False","False","reference_only","not_run","Match layout state visibility input behavior and backend; repeated ancestors and generated controls require separate runtime inventory"
"html/template/addon_list.html","137","a",,,"'addons.unselectall'","ng-click","UnselectAll",,"","False","False","reference_only","not_run","Match layout state visibility input behavior and backend; repeated ancestors and generated controls require separate runtime inventory"
"html/template/addon_list.html","138","a",,,"'addons.selectpage'","ng-click","SelectAllPage",,"","False","False","reference_only","not_run","Match layout state visibility input behavior and backend; repeated ancestors and generated controls require separate runtime inventory"
"html/template/addon_list.html","139","a",,,"'addons.enable_selected'","ng-click","EnableAllSelected",,"","False","False","reference_only","not_run","Match layout state visibility input behavior and backend; repeated ancestors and generated controls require separate runtime inventory"
"html/template/addon_list.html","140","a",,,"'addons.disable_selected'","ng-click","DisableAllSelected",,"","False","False","reference_only","not_run","Match layout state visibility input behavior and backend; repeated ancestors and generated controls require separate runtime inventory"
"html/template/addon_list.html","141","a",,,"'addons.uninstall_selected'","ng-click","DisplayPopupMessage",,"","False","False","reference_only","not_run","Match layout state visibility input behavior and backend; repeated ancestors and generated controls require separate runtime inventory"
"html/template/addon_list.html","145","a",,,"'addons.create_preset'","ng-click","OpenCreatePresetMenu",,"","False","False","reference_only","not_run","Match layout state visibility input behavior and backend; repeated ancestors and generated controls require separate runtime inventory"
"html/template/addon_list.html","146","a",,,"'addons.load_preset'","ng-click","OpenLoadPresetMenu",,"","False","False","reference_only","not_run","Match layout state visibility input behavior and backend; repeated ancestors and generated controls require separate runtime inventory"
"html/template/addon_list.html","147","a",,,"'addons.import_preset'","ng-click","OpenImportPresetMenu",,"","False","False","reference_only","not_run","Match layout state visibility input behavior and backend; repeated ancestors and generated controls require separate runtime inventory"
"html/template/addon_list.html","151","font",,,"'addons.total_subscriptions'","","",,"","False","False","reference_only","not_run","Match layout state visibility input behavior and backend; repeated ancestors and generated controls require separate runtime inventory"
"html/template/addon_list.html","152","font",,,"'addons.total_selected'","","",,"","False","False","reference_only","not_run","Match layout state visibility input behavior and backend; repeated ancestors and generated controls require separate runtime inventory"
"html/template/addon_list.html","159","b",,,"'addons.create_preset'","","",,"","False","False","reference_only","not_run","Match layout state visibility input behavior and backend; repeated ancestors and generated controls require separate runtime inventory"
"html/template/addon_list.html","162","input",,"text","'addons.preset_name_placeholder'","","","$parent.CreatePresetName","","False","False","reference_only","not_run","Match layout state visibility input behavior and backend; repeated ancestors and generated controls require separate runtime inventory"
"html/template/addon_list.html","165","input","CreatePresetSaveEnabled","checkbox",,"","","$parent.CreatePresetSaveEnabled","","False","False","reference_only","not_run","Match layout state visibility input behavior and backend; repeated ancestors and generated controls require separate runtime inventory"
"html/template/addon_list.html","165","label",,,"'addons.preset_save_enabled'","","",,"","False","False","reference_only","not_run","Match layout state visibility input behavior and backend; repeated ancestors and generated controls require separate runtime inventory"
"html/template/addon_list.html","166","input","CreatePresetSaveDisabled","checkbox",,"","","$parent.CreatePresetSaveDisabled","","False","False","reference_only","not_run","Match layout state visibility input behavior and backend; repeated ancestors and generated controls require separate runtime inventory"
"html/template/addon_list.html","166","label",,,"'addons.preset_save_disabled'","","",,"","False","False","reference_only","not_run","Match layout state visibility input behavior and backend; repeated ancestors and generated controls require separate runtime inventory"
"html/template/addon_list.html","169","b",,,"'addons.preset_new_action'","","",,"","False","False","reference_only","not_run","Match layout state visibility input behavior and backend; repeated ancestors and generated controls require separate runtime inventory"
"html/template/addon_list.html","170","input","CreatePresetNewAct_nothing","radio",,"","","$parent.CreatePresetNewAct","","False","False","reference_only","not_run","Match layout state visibility input behavior and backend; repeated ancestors and generated controls require separate runtime inventory"
"html/template/addon_list.html","170","label",,,"'addons.action_nothing'","","",,"","False","False","reference_only","not_run","Match layout state visibility input behavior and backend; repeated ancestors and generated controls require separate runtime inventory"
"html/template/addon_list.html","171","input","CreatePresetNewAct_disable","radio",,"","","$parent.CreatePresetNewAct","","False","False","reference_only","not_run","Match layout state visibility input behavior and backend; repeated ancestors and generated controls require separate runtime inventory"
"html/template/addon_list.html","171","label",,,"'addons.action_disable'","","",,"","False","False","reference_only","not_run","Match layout state visibility input behavior and backend; repeated ancestors and generated controls require separate runtime inventory"
"html/template/addon_list.html","172","input","CreatePresetNewAct_enable","radio",,"","","$parent.CreatePresetNewAct","","False","False","reference_only","not_run","Match layout state visibility input behavior and backend; repeated ancestors and generated controls require separate runtime inventory"
"html/template/addon_list.html","172","label",,,"'addons.action_enable'","","",,"","False","False","reference_only","not_run","Match layout state visibility input behavior and backend; repeated ancestors and generated controls require separate runtime inventory"
"html/template/addon_list.html","175","a",,,"'addons.create_preset'","ng-click","CreateNewPreset",,"","False","False","reference_only","not_run","Match layout state visibility input behavior and backend; repeated ancestors and generated controls require separate runtime inventory"
"html/template/addon_list.html","177","a",,,"'addons.cancel'","ng-click","ClosePopupMessage",,"","False","False","reference_only","not_run","Match layout state visibility input behavior and backend; repeated ancestors and generated controls require separate runtime inventory"
"html/template/addon_list.html","183","b",,,"'addons.import_preset'","","",,"","False","False","reference_only","not_run","Match layout state visibility input behavior and backend; repeated ancestors and generated controls require separate runtime inventory"
"html/template/addon_list.html","186","input",,"text","'addons.preset_source'","","","$parent.ImportPresetSource","","False","False","reference_only","not_run","Match layout state visibility input behavior and backend; repeated ancestors and generated controls require separate runtime inventory"
"html/template/addon_list.html","190","input",,"text","'addons.preset_name_placeholder'","","","$parent.CreatePresetName","","False","False","reference_only","not_run","Match layout state visibility input behavior and backend; repeated ancestors and generated controls require separate runtime inventory"
"html/template/addon_list.html","193","b",,,"'addons.preset_new_action'","","",,"","False","False","reference_only","not_run","Match layout state visibility input behavior and backend; repeated ancestors and generated controls require separate runtime inventory"
"html/template/addon_list.html","194","input","CreatePresetNewAct_nothing","radio",,"","","$parent.CreatePresetNewAct","","False","False","reference_only","not_run","Match layout state visibility input behavior and backend; repeated ancestors and generated controls require separate runtime inventory"
"html/template/addon_list.html","194","label",,,"'addons.action_nothing'","","",,"","False","False","reference_only","not_run","Match layout state visibility input behavior and backend; repeated ancestors and generated controls require separate runtime inventory"
"html/template/addon_list.html","195","input","CreatePresetNewAct_disable","radio",,"","","$parent.CreatePresetNewAct","","False","False","reference_only","not_run","Match layout state visibility input behavior and backend; repeated ancestors and generated controls require separate runtime inventory"
"html/template/addon_list.html","195","label",,,"'addons.action_disable'","","",,"","False","False","reference_only","not_run","Match layout state visibility input behavior and backend; repeated ancestors and generated controls require separate runtime inventory"
"html/template/addon_list.html","196","input","CreatePresetNewAct_enable","radio",,"","","$parent.CreatePresetNewAct","","False","False","reference_only","not_run","Match layout state visibility input behavior and backend; repeated ancestors and generated controls require separate runtime inventory"
"html/template/addon_list.html","196","label",,,"'addons.action_enable'","","",,"","False","False","reference_only","not_run","Match layout state visibility input behavior and backend; repeated ancestors and generated controls require separate runtime inventory"
"html/template/addon_list.html","199","a",,,"'addons.import_preset'","ng-click","ImportPreset",,"","False","False","reference_only","not_run","Match layout state visibility input behavior and backend; repeated ancestors and generated controls require separate runtime inventory"
"html/template/addon_list.html","201","a",,,"'addons.cancel'","ng-click","ClosePopupMessage",,"","False","False","reference_only","not_run","Match layout state visibility input behavior and backend; repeated ancestors and generated controls require separate runtime inventory"
"html/template/addon_list.html","207","h1",,,"'dupes.loading'","","",,"","False","False","reference_only","not_run","Match layout state visibility input behavior and backend; repeated ancestors and generated controls require separate runtime inventory"
"html/template/addon_list.html","213","b",,,"'addons.load_preset'","","",,"","False","False","reference_only","not_run","Match layout state visibility input behavior and backend; repeated ancestors and generated controls require separate runtime inventory"
"html/template/addon_list.html","218","input",,"text","'addons.filter_preset'","","","$parent.PresetSearchText","","False","False","reference_only","not_run","Match layout state visibility input behavior and backend; repeated ancestors and generated controls require separate runtime inventory"
"html/template/addon_list.html","220","font",,,,"ng-click","SelectPreset",,"","True","True","reference_only","not_run","Match layout state visibility input behavior and backend; repeated ancestors and generated controls require separate runtime inventory"
"html/template/addon_list.html","224","b",,,"'addons.preset_name'","","",,"","False","False","reference_only","not_run","Match layout state visibility input behavior and backend; repeated ancestors and generated controls require separate runtime inventory"
"html/template/addon_list.html","225","b",,,"'addons.preset_enabled'","","",,"","False","False","reference_only","not_run","Match layout state visibility input behavior and backend; repeated ancestors and generated controls require separate runtime inventory"
"html/template/addon_list.html","226","b",,,"'addons.preset_disabled'","","",,"","False","False","reference_only","not_run","Match layout state visibility input behavior and backend; repeated ancestors and generated controls require separate runtime inventory"
"html/template/addon_list.html","227","input","LoadPresetResub","checkbox",,"","","$parent.LoadPresetResub","","False","False","reference_only","not_run","Match layout state visibility input behavior and backend; repeated ancestors and generated controls require separate runtime inventory"
"html/template/addon_list.html","227","label",,,"'addons.preset_resub_missing'","","",,"","False","False","reference_only","not_run","Match layout state visibility input behavior and backend; repeated ancestors and generated controls require separate runtime inventory"
"html/template/addon_list.html","229","b",,,"'addons.preset_new_action'","","",,"","False","False","reference_only","not_run","Match layout state visibility input behavior and backend; repeated ancestors and generated controls require separate runtime inventory"
"html/template/addon_list.html","230","input","CreatePresetNewAct_nothing","radio",,"","","$parent.CreatePresetNewAct","","False","False","reference_only","not_run","Match layout state visibility input behavior and backend; repeated ancestors and generated controls require separate runtime inventory"
"html/template/addon_list.html","230","label",,,"'addons.action_nothing'","","",,"","False","False","reference_only","not_run","Match layout state visibility input behavior and backend; repeated ancestors and generated controls require separate runtime inventory"
"html/template/addon_list.html","231","input","CreatePresetNewAct_disable","radio",,"","","$parent.CreatePresetNewAct","","False","False","reference_only","not_run","Match layout state visibility input behavior and backend; repeated ancestors and generated controls require separate runtime inventory"
"html/template/addon_list.html","231","label",,,"'addons.action_disable'","","",,"","False","False","reference_only","not_run","Match layout state visibility input behavior and backend; repeated ancestors and generated controls require separate runtime inventory"
"html/template/addon_list.html","232","input","CreatePresetNewAct_enable","radio",,"","","$parent.CreatePresetNewAct","","False","False","reference_only","not_run","Match layout state visibility input behavior and backend; repeated ancestors and generated controls require separate runtime inventory"
"html/template/addon_list.html","232","label",,,"'addons.action_enable'","","",,"","False","False","reference_only","not_run","Match layout state visibility input behavior and backend; repeated ancestors and generated controls require separate runtime inventory"
"html/template/addon_list.html","235","a",,,"'addons.load_preset'","ng-click","LoadSelectedPreset",,"","False","False","reference_only","not_run","Match layout state visibility input behavior and backend; repeated ancestors and generated controls require separate runtime inventory"
"html/template/addon_list.html","236","a",,,"'addons.copy_preset'","ng-click","CopySelectedPreset",,"","False","False","reference_only","not_run","Match layout state visibility input behavior and backend; repeated ancestors and generated controls require separate runtime inventory"
"html/template/addon_list.html","239","a",,,"'addons.delete_preset'","ng-click","DeletePreset",,"","False","False","reference_only","not_run","Match layout state visibility input behavior and backend; repeated ancestors and generated controls require separate runtime inventory"
"html/template/addon_list.html","243","a",,,"'addons.cancel'","ng-click","ClosePopupMessage",,"","False","False","reference_only","not_run","Match layout state visibility input behavior and backend; repeated ancestors and generated controls require separate runtime inventory"
"html/template/addon_list.html","249","span",,,"'addons.warning'","","",,"","False","False","reference_only","not_run","Match layout state visibility input behavior and backend; repeated ancestors and generated controls require separate runtime inventory"
"html/template/addon_list.html","250","span",,,"PopupMessageDisplayedMessage","","",,"","False","False","reference_only","not_run","Match layout state visibility input behavior and backend; repeated ancestors and generated controls require separate runtime inventory"
"html/template/addon_list.html","251","span",,,"'addons.cannotundo'","","",,"","True","False","reference_only","not_run","Match layout state visibility input behavior and backend; repeated ancestors and generated controls require separate runtime inventory"
"html/template/addon_list.html","255","wstitle","wsid{{fileid}}",,,"ng-click","OpenWorkshopFile",,"","False","False","reference_only","not_run","Match layout state visibility input behavior and backend; repeated ancestors and generated controls require separate runtime inventory"
"html/template/addon_list.html","257","wsbut",,,,"ng-click","SubscribeByID",,"","True","False","reference_only","not_run","Match layout state visibility input behavior and backend; repeated ancestors and generated controls require separate runtime inventory"
"html/template/addon_list.html","261","a",,,"'addons.confirm'","ng-click","ExecutePopupFunction",,"","False","False","reference_only","not_run","Match layout state visibility input behavior and backend; repeated ancestors and generated controls require separate runtime inventory"
"html/template/addon_list.html","262","a",,,"'addons.cancel'","ng-click","ClosePopupMessage",,"","True","False","reference_only","not_run","Match layout state visibility input behavior and backend; repeated ancestors and generated controls require separate runtime inventory"
"html/template/creations/dupes.html","8","workshopmessage",,,"'dupes.loading'","","",,"","True","False","reference_only","not_run","Match layout state visibility input behavior and backend; repeated ancestors and generated controls require separate runtime inventory"
"html/template/creations/dupes.html","9","workshopmessage",,,"'dupes.none'","","",,"","True","False","reference_only","not_run","Match layout state visibility input behavior and backend; repeated ancestors and generated controls require separate runtime inventory"
"html/template/creations/dupes.html","18","label",,,,"ng-click","OpenWorkshopFile",,"","False","False","reference_only","not_run","Match layout state visibility input behavior and backend; repeated ancestors and generated controls require separate runtime inventory"
"html/template/creations/dupes.html","18","span",,,"'ugc.loading'","","",,"","True","False","reference_only","not_run","Match layout state visibility input behavior and backend; repeated ancestors and generated controls require separate runtime inventory"
"html/template/creations/dupes.html","21","span",,,"'ugc.loading'","","",,"","True","False","reference_only","not_run","Match layout state visibility input behavior and backend; repeated ancestors and generated controls require separate runtime inventory"
"html/template/creations/dupes.html","35","control",,,"'dupes.publish'","ng-click","PublishLocal",,"","True","False","reference_only","not_run","Match layout state visibility input behavior and backend; repeated ancestors and generated controls require separate runtime inventory"
"html/template/creations/dupes.html","36","control",,,"'dupes.commentandrate'","ng-click","OpenWorkshopFile",,"","True","False","reference_only","not_run","Match layout state visibility input behavior and backend; repeated ancestors and generated controls require separate runtime inventory"
"html/template/creations/dupes.html","41","control",,,"'dupes.arm'","ng-click","ArmDupe",,"","False","False","reference_only","not_run","Match layout state visibility input behavior and backend; repeated ancestors and generated controls require separate runtime inventory"
"html/template/creations/dupes.html","51","a",,,,"ng-click","Go",,"","False","False","reference_only","not_run","Match layout state visibility input behavior and backend; repeated ancestors and generated controls require separate runtime inventory"
"html/template/creations/dupes.html","52","a",,,,"ng-click","Go",,"","False","False","reference_only","not_run","Match layout state visibility input behavior and backend; repeated ancestors and generated controls require separate runtime inventory"
"html/template/creations/dupes.html","55","a",,,,"ng-click","GoToPage",,"","False","False","reference_only","not_run","Match layout state visibility input behavior and backend; repeated ancestors and generated controls require separate runtime inventory"
"html/template/creations/saves.html","8","workshopmessage",,,"'saves.loading'","","",,"","True","False","reference_only","not_run","Match layout state visibility input behavior and backend; repeated ancestors and generated controls require separate runtime inventory"
"html/template/creations/saves.html","9","workshopmessage",,,"'saves.noneonmap'","","",,"","True","False","reference_only","not_run","Match layout state visibility input behavior and backend; repeated ancestors and generated controls require separate runtime inventory"
"html/template/creations/saves.html","18","label",,,,"ng-click","OpenWorkshopFile",,"","False","False","reference_only","not_run","Match layout state visibility input behavior and backend; repeated ancestors and generated controls require separate runtime inventory"
"html/template/creations/saves.html","18","span",,,"'ugc.loading'","","",,"","True","False","reference_only","not_run","Match layout state visibility input behavior and backend; repeated ancestors and generated controls require separate runtime inventory"
"html/template/creations/saves.html","21","span",,,"'ugc.loading'","","",,"","True","False","reference_only","not_run","Match layout state visibility input behavior and backend; repeated ancestors and generated controls require separate runtime inventory"
"html/template/creations/saves.html","35","control",,,"'saves.publish'","ng-click","PublishLocal",,"","True","False","reference_only","not_run","Match layout state visibility input behavior and backend; repeated ancestors and generated controls require separate runtime inventory"
"html/template/creations/saves.html","36","control",,,"'saves.commentandrate'","ng-click","OpenWorkshopFile",,"","True","False","reference_only","not_run","Match layout state visibility input behavior and backend; repeated ancestors and generated controls require separate runtime inventory"
"html/template/creations/saves.html","41","control",,,"'saves.load'","ng-click","LoadSave",,"","False","False","reference_only","not_run","Match layout state visibility input behavior and backend; repeated ancestors and generated controls require separate runtime inventory"
"html/template/creations/saves.html","51","a",,,,"ng-click","Go",,"","False","False","reference_only","not_run","Match layout state visibility input behavior and backend; repeated ancestors and generated controls require separate runtime inventory"
"html/template/creations/saves.html","52","a",,,,"ng-click","Go",,"","False","False","reference_only","not_run","Match layout state visibility input behavior and backend; repeated ancestors and generated controls require separate runtime inventory"
"html/template/creations/saves.html","55","a",,,,"ng-click","GoToPage",,"","False","False","reference_only","not_run","Match layout state visibility input behavior and backend; repeated ancestors and generated controls require separate runtime inventory"
"html/template/demos.html","8","h2",,,"'demos'","","",,"","False","False","reference_only","not_run","Match layout state visibility input behavior and backend; repeated ancestors and generated controls require separate runtime inventory"
"html/template/demos.html","11","a",,,"'demos.'+cat","ng-click","Switch",,"","True","False","reference_only","not_run","Match layout state visibility input behavior and backend; repeated ancestors and generated controls require separate runtime inventory"
"html/template/demos.html","17","a",,,"'demos.'+cat","ng-click","Switch",,"","True","False","reference_only","not_run","Match layout state visibility input behavior and backend; repeated ancestors and generated controls require separate runtime inventory"
"html/template/demos.html","23","a",,,"'demos.'+cat","ng-click","Switch",,"","True","False","reference_only","not_run","Match layout state visibility input behavior and backend; repeated ancestors and generated controls require separate runtime inventory"
"html/template/demos.html","28","a",,,"'demos.openfolder'","ng-click","OpenFolder",,"","False","False","reference_only","not_run","Match layout state visibility input behavior and backend; repeated ancestors and generated controls require separate runtime inventory"
"html/template/demos.html","36","span",,,"'demos.'+Category","","",,"","False","False","reference_only","not_run","Match layout state visibility input behavior and backend; repeated ancestors and generated controls require separate runtime inventory"
"html/template/demos.html","36","small",,,"'demos.'+Category + '.subtitle'","","",,"","False","False","reference_only","not_run","Match layout state visibility input behavior and backend; repeated ancestors and generated controls require separate runtime inventory"
"html/template/demos.html","40","workshopmessage",,,"'demos.loading'","","",,"","True","False","reference_only","not_run","Match layout state visibility input behavior and backend; repeated ancestors and generated controls require separate runtime inventory"
"html/template/demos.html","41","workshopmessage",,,"'demos.none'","","",,"","True","False","reference_only","not_run","Match layout state visibility input behavior and backend; repeated ancestors and generated controls require separate runtime inventory"
"html/template/demos.html","42","workshopmessage",,,"'ugc.disabled'","","",,"","True","False","reference_only","not_run","Match layout state visibility input behavior and backend; repeated ancestors and generated controls require separate runtime inventory"
"html/template/demos.html","51","label",,,,"ng-click","OpenWorkshopFile",,"","False","False","reference_only","not_run","Match layout state visibility input behavior and backend; repeated ancestors and generated controls require separate runtime inventory"
"html/template/demos.html","51","span",,,"'ugc.loading'","","",,"","True","False","reference_only","not_run","Match layout state visibility input behavior and backend; repeated ancestors and generated controls require separate runtime inventory"
"html/template/demos.html","53","span",,,"'ugc.loading'","","",,"","True","False","reference_only","not_run","Match layout state visibility input behavior and backend; repeated ancestors and generated controls require separate runtime inventory"
"html/template/demos.html","61","control",,,,"ng-click","Rate",,"","True","False","reference_only","not_run","Match layout state visibility input behavior and backend; repeated ancestors and generated controls require separate runtime inventory"
"html/template/demos.html","62","control",,,,"ng-click","Rate",,"","True","False","reference_only","not_run","Match layout state visibility input behavior and backend; repeated ancestors and generated controls require separate runtime inventory"
"html/template/demos.html","63","control",,,,"ng-click","Favorite",,"","True","False","reference_only","not_run","Match layout state visibility input behavior and backend; repeated ancestors and generated controls require separate runtime inventory"
"html/template/demos.html","64","control",,,,"ng-click","Favorite",,"","True","False","reference_only","not_run","Match layout state visibility input behavior and backend; repeated ancestors and generated controls require separate runtime inventory"
"html/template/demos.html","65","control",,,"'demos.publish'","ng-click","PublishLocal",,"","True","False","reference_only","not_run","Match layout state visibility input behavior and backend; repeated ancestors and generated controls require separate runtime inventory"
"html/template/demos.html","66","control",,,"'demos.delete'","ng-click","DeleteLocal",,"","True","False","reference_only","not_run","Match layout state visibility input behavior and backend; repeated ancestors and generated controls require separate runtime inventory"
"html/template/demos.html","70","control",,,"'ugc.subscribe'","ng-click","Subscribe",,"","True","False","reference_only","not_run","Match layout state visibility input behavior and backend; repeated ancestors and generated controls require separate runtime inventory"
"html/template/demos.html","71","control",,,"'ugc.unsubscribe'","ng-click","Unsubscribe",,"","True","False","reference_only","not_run","Match layout state visibility input behavior and backend; repeated ancestors and generated controls require separate runtime inventory"
"html/template/demos.html","72","control",,,"'demos.video'","ng-click","DemoToVideo",,"","False","False","reference_only","not_run","Match layout state visibility input behavior and backend; repeated ancestors and generated controls require separate runtime inventory"
"html/template/demos.html","73","control",,,"'demos.play'","ng-click","PlayDemo",,"","False","False","reference_only","not_run","Match layout state visibility input behavior and backend; repeated ancestors and generated controls require separate runtime inventory"
"html/template/demos.html","82","a",,,,"ng-click","Go",,"","False","False","reference_only","not_run","Match layout state visibility input behavior and backend; repeated ancestors and generated controls require separate runtime inventory"
"html/template/demos.html","83","a",,,,"ng-click","Go",,"","False","False","reference_only","not_run","Match layout state visibility input behavior and backend; repeated ancestors and generated controls require separate runtime inventory"
"html/template/demos.html","86","a",,,,"ng-click","GoToPage",,"","False","False","reference_only","not_run","Match layout state visibility input behavior and backend; repeated ancestors and generated controls require separate runtime inventory"
"html/template/dupes.html","8","h2",,,"'dupes'","","",,"","False","False","reference_only","not_run","Match layout state visibility input behavior and backend; repeated ancestors and generated controls require separate runtime inventory"
"html/template/dupes.html","11","a",,,"'dupes.'+cat","ng-click","Switch",,"","True","False","reference_only","not_run","Match layout state visibility input behavior and backend; repeated ancestors and generated controls require separate runtime inventory"
"html/template/dupes.html","15","a",,,"'dupes.'+tag","ng-click","SwitchWithTag",,"","True","False","reference_only","not_run","Match layout state visibility input behavior and backend; repeated ancestors and generated controls require separate runtime inventory"
"html/template/dupes.html","23","a",,,"'dupes.'+cat","ng-click","Switch",,"","True","False","reference_only","not_run","Match layout state visibility input behavior and backend; repeated ancestors and generated controls require separate runtime inventory"
"html/template/dupes.html","27","a",,,"'dupes.'+tag","ng-click","SwitchWithTag",,"","True","False","reference_only","not_run","Match layout state visibility input behavior and backend; repeated ancestors and generated controls require separate runtime inventory"
"html/template/dupes.html","35","a",,,"'dupes.'+cat","ng-click","Switch",,"","True","False","reference_only","not_run","Match layout state visibility input behavior and backend; repeated ancestors and generated controls require separate runtime inventory"
"html/template/dupes.html","39","a",,,"'dupes.'+tag","ng-click","SwitchWithTag",,"","True","False","reference_only","not_run","Match layout state visibility input behavior and backend; repeated ancestors and generated controls require separate runtime inventory"
"html/template/dupes.html","46","a",,,"'dupes.openfolder'","ng-click","OpenFolder",,"","False","False","reference_only","not_run","Match layout state visibility input behavior and backend; repeated ancestors and generated controls require separate runtime inventory"
"html/template/dupes.html","54","span",,,"'dupes.'+Category","","",,"","False","False","reference_only","not_run","Match layout state visibility input behavior and backend; repeated ancestors and generated controls require separate runtime inventory"
"html/template/dupes.html","54","small",,,"'dupes.'+Category + '.subtitle'","","",,"","False","False","reference_only","not_run","Match layout state visibility input behavior and backend; repeated ancestors and generated controls require separate runtime inventory"
"html/template/dupes.html","58","workshopmessage",,,"'dupes.loading'","","",,"","True","False","reference_only","not_run","Match layout state visibility input behavior and backend; repeated ancestors and generated controls require separate runtime inventory"
"html/template/dupes.html","59","workshopmessage",,,"'dupes.none'","","",,"","True","False","reference_only","not_run","Match layout state visibility input behavior and backend; repeated ancestors and generated controls require separate runtime inventory"
"html/template/dupes.html","60","workshopmessage",,,"'ugc.disabled'","","",,"","True","False","reference_only","not_run","Match layout state visibility input behavior and backend; repeated ancestors and generated controls require separate runtime inventory"
"html/template/dupes.html","69","label",,,,"ng-click","OpenWorkshopFile",,"","False","False","reference_only","not_run","Match layout state visibility input behavior and backend; repeated ancestors and generated controls require separate runtime inventory"
"html/template/dupes.html","69","span",,,"'ugc.loading'","","",,"","True","False","reference_only","not_run","Match layout state visibility input behavior and backend; repeated ancestors and generated controls require separate runtime inventory"
"html/template/dupes.html","71","span",,,"'ugc.loading'","","",,"","True","False","reference_only","not_run","Match layout state visibility input behavior and backend; repeated ancestors and generated controls require separate runtime inventory"
"html/template/dupes.html","79","control",,,,"ng-click","Rate",,"","True","False","reference_only","not_run","Match layout state visibility input behavior and backend; repeated ancestors and generated controls require separate runtime inventory"
"html/template/dupes.html","80","control",,,,"ng-click","Rate",,"","True","False","reference_only","not_run","Match layout state visibility input behavior and backend; repeated ancestors and generated controls require separate runtime inventory"
"html/template/dupes.html","81","control",,,,"ng-click","Favorite",,"","True","False","reference_only","not_run","Match layout state visibility input behavior and backend; repeated ancestors and generated controls require separate runtime inventory"
"html/template/dupes.html","82","control",,,,"ng-click","Favorite",,"","True","False","reference_only","not_run","Match layout state visibility input behavior and backend; repeated ancestors and generated controls require separate runtime inventory"
"html/template/dupes.html","83","control",,,"'dupes.publish'","ng-click","PublishLocal",,"","True","False","reference_only","not_run","Match layout state visibility input behavior and backend; repeated ancestors and generated controls require separate runtime inventory"
"html/template/dupes.html","84","control",,,"'dupes.delete'","ng-click","DeleteLocal",,"","True","False","reference_only","not_run","Match layout state visibility input behavior and backend; repeated ancestors and generated controls require separate runtime inventory"
"html/template/dupes.html","88","control",,,"'ugc.subscribe'","ng-click","Subscribe",,"","True","False","reference_only","not_run","Match layout state visibility input behavior and backend; repeated ancestors and generated controls require separate runtime inventory"
"html/template/dupes.html","89","control",,,"'ugc.unsubscribe'","ng-click","Unsubscribe",,"","True","False","reference_only","not_run","Match layout state visibility input behavior and backend; repeated ancestors and generated controls require separate runtime inventory"
"html/template/dupes.html","98","a",,,,"ng-click","Go",,"","False","False","reference_only","not_run","Match layout state visibility input behavior and backend; repeated ancestors and generated controls require separate runtime inventory"
"html/template/dupes.html","99","a",,,,"ng-click","Go",,"","False","False","reference_only","not_run","Match layout state visibility input behavior and backend; repeated ancestors and generated controls require separate runtime inventory"
"html/template/dupes.html","102","a",,,,"ng-click","GoToPage",,"","False","False","reference_only","not_run","Match layout state visibility input behavior and backend; repeated ancestors and generated controls require separate runtime inventory"
"html/template/main.html","10","a",,,"'resume_game'","ng-click","BackToGame",,"","False","False","reference_only","not_run","Match layout state visibility input behavior and backend; repeated ancestors and generated controls require separate runtime inventory"
"html/template/main.html","12","a",,,"'new_game'","","",,"#/newgame/","False","False","reference_only","not_run","Match layout state visibility input behavior and backend; repeated ancestors and generated controls require separate runtime inventory"
"html/template/main.html","14","a",,,"'find_mp_game'","","",,"#/servers/","False","False","reference_only","not_run","Match layout state visibility input behavior and backend; repeated ancestors and generated controls require separate runtime inventory"
"html/template/main.html","17","a",,,"'addons'","","",,"#/addons/","False","False","reference_only","not_run","Match layout state visibility input behavior and backend; repeated ancestors and generated controls require separate runtime inventory"
"html/template/main.html","18","a",,,"'dupes'","","",,"#/dupes/","False","False","reference_only","not_run","Match layout state visibility input behavior and backend; repeated ancestors and generated controls require separate runtime inventory"
"html/template/main.html","19","a",,,"'saves'","","",,"#/saves/","False","False","reference_only","not_run","Match layout state visibility input behavior and backend; repeated ancestors and generated controls require separate runtime inventory"
"html/template/main.html","20","a",,,"'demos'","","",,"#/demos/","False","False","reference_only","not_run","Match layout state visibility input behavior and backend; repeated ancestors and generated controls require separate runtime inventory"
"html/template/main.html","23","a",,,"'options'","ng-click","MenuOption",,"","False","False","reference_only","not_run","Match layout state visibility input behavior and backend; repeated ancestors and generated controls require separate runtime inventory"
"html/template/main.html","27","a",,,"'disconnect'","ng-click","MenuOption",,"","False","False","reference_only","not_run","Match layout state visibility input behavior and backend; repeated ancestors and generated controls require separate runtime inventory"
"html/template/main.html","29","a",,,"'quit'","ng-click","MenuOption",,"","False","False","reference_only","not_run","Match layout state visibility input behavior and backend; repeated ancestors and generated controls require separate runtime inventory"
"html/template/main.html","38","span",,,,"ng-click","OpenInSteam",,"","False","False","reference_only","not_run","Match layout state visibility input behavior and backend; repeated ancestors and generated controls require separate runtime inventory"
"html/template/main.html","43","div",,,,"ng-click","ToggleNewsList",,"","True","False","reference_only","not_run","Match layout state visibility input behavior and backend; repeated ancestors and generated controls require separate runtime inventory"
"html/template/main.html","44","div",,,,"ng-click","SelectItem",,"","False","True","reference_only","not_run","Match layout state visibility input behavior and backend; repeated ancestors and generated controls require separate runtime inventory"
"html/template/newgame.html","8","li",,,,"ng-click","SwitchCategory",,"","True","True","reference_only","not_run","Match layout state visibility input behavior and backend; repeated ancestors and generated controls require separate runtime inventory"
"html/template/newgame.html","11","span",,,"'newgame_favorite_maps'","","",,"","True","False","reference_only","not_run","Match layout state visibility input behavior and backend; repeated ancestors and generated controls require separate runtime inventory"
"html/template/newgame.html","12","span",,,"'spawnmenu.category.other'","","",,"","True","False","reference_only","not_run","Match layout state visibility input behavior and backend; repeated ancestors and generated controls require separate runtime inventory"
"html/template/newgame.html","19","input",,"text","'searchbar_placeholder'","","","SearchText","","False","False","reference_only","not_run","Match layout state visibility input behavior and backend; repeated ancestors and generated controls require separate runtime inventory"
"html/template/newgame.html","29","span",,,"'newgame_favorite_maps'","","",,"","True","False","reference_only","not_run","Match layout state visibility input behavior and backend; repeated ancestors and generated controls require separate runtime inventory"
"html/template/newgame.html","30","span",,,"'spawnmenu.category.other'","","",,"","True","False","reference_only","not_run","Match layout state visibility input behavior and backend; repeated ancestors and generated controls require separate runtime inventory"
"html/template/newgame.html","31","small",,,"category.maps.length == 1 && 'newgame_map' || 'newgame_maps'","","",,"","False","False","reference_only","not_run","Match layout state visibility input behavior and backend; repeated ancestors and generated controls require separate runtime inventory"
"html/template/newgame.html","35","img",,,,"ng-click","FavMap",,"","False","False","reference_only","not_run","Match layout state visibility input behavior and backend; repeated ancestors and generated controls require separate runtime inventory"
"html/template/newgame.html","36","img",,,,"ng-click|ng-dblclick","SelectMap|DblClickMap",,"","False","False","reference_only","not_run","Match layout state visibility input behavior and backend; repeated ancestors and generated controls require separate runtime inventory"
"html/template/newgame.html","49","div",,,,"onclick","$|siblings|toggle",,"","False","False","reference_only","not_run","Match layout state visibility input behavior and backend; repeated ancestors and generated controls require separate runtime inventory"
"html/template/newgame.html","50","span",,,"MaxPlayersOption.label","","",,"","False","False","reference_only","not_run","Match layout state visibility input behavior and backend; repeated ancestors and generated controls require separate runtime inventory"
"html/template/newgame.html","53","div",,,,"onclick","$|hide",,"","False","False","reference_only","not_run","Match layout state visibility input behavior and backend; repeated ancestors and generated controls require separate runtime inventory"
"html/template/newgame.html","54","div",,,"ply.label","ng-click","UpdateMaxPlayers",,"","False","True","reference_only","not_run","Match layout state visibility input behavior and backend; repeated ancestors and generated controls require separate runtime inventory"
"html/template/newgame.html","63","label",,,"'server_name'","","",,"","False","False","reference_only","not_run","Match layout state visibility input behavior and backend; repeated ancestors and generated controls require separate runtime inventory"
"html/template/newgame.html","64","input","ServerSettings_hostname","text",,"","","ServerSettings.hostname","","False","False","reference_only","not_run","Match layout state visibility input behavior and backend; repeated ancestors and generated controls require separate runtime inventory"
"html/template/newgame.html","68","input","ServerSettings_sv_lan","checkbox",,"ng-change","CheckboxCheck","ServerSettings.sv_lan","","False","False","reference_only","not_run","Match layout state visibility input behavior and backend; repeated ancestors and generated controls require separate runtime inventory"
"html/template/newgame.html","69","label",,,"'lan_server'","","",,"","False","False","reference_only","not_run","Match layout state visibility input behavior and backend; repeated ancestors and generated controls require separate runtime inventory"
"html/template/newgame.html","73","input","ServerSettings_p2p_enabled","checkbox",,"ng-change","CheckboxCheck","ServerSettings.p2p_enabled","","False","False","reference_only","not_run","Match layout state visibility input behavior and backend; repeated ancestors and generated controls require separate runtime inventory"
"html/template/newgame.html","74","label",,,"'p2p_server'","","",,"","False","False","reference_only","not_run","Match layout state visibility input behavior and backend; repeated ancestors and generated controls require separate runtime inventory"
"html/template/newgame.html","78","input","p2p_friendsonly","checkbox",,"","","ServerSettings.p2p_friendsonly","","False","False","reference_only","not_run","Match layout state visibility input behavior and backend; repeated ancestors and generated controls require separate runtime inventory"
"html/template/newgame.html","79","label",,,"'p2p_server_friendsonly'","","",,"","False","False","reference_only","not_run","Match layout state visibility input behavior and backend; repeated ancestors and generated controls require separate runtime inventory"
"html/template/newgame.html","83","label",,,"s.text","","",,"","False","False","reference_only","not_run","Match layout state visibility input behavior and backend; repeated ancestors and generated controls require separate runtime inventory"
"html/template/newgame.html","84","input","ServerSettings_text_{{s.name}}","text",,"","","s.Value","","False","False","reference_only","not_run","Match layout state visibility input behavior and backend; repeated ancestors and generated controls require separate runtime inventory"
"html/template/newgame.html","88","label",,,"s.text","","",,"","False","False","reference_only","not_run","Match layout state visibility input behavior and backend; repeated ancestors and generated controls require separate runtime inventory"
"html/template/newgame.html","89","input","ServerSettings_num_{{s.name}}","text",,"","","s.Value","","False","False","reference_only","not_run","Match layout state visibility input behavior and backend; repeated ancestors and generated controls require separate runtime inventory"
"html/template/newgame.html","93","input","ServerSettings_check_{{s.name}}","checkbox",,"","","s.Value","","False","False","reference_only","not_run","Match layout state visibility input behavior and backend; repeated ancestors and generated controls require separate runtime inventory"
"html/template/newgame.html","94","label",,,"s.text","","",,"","False","False","reference_only","not_run","Match layout state visibility input behavior and backend; repeated ancestors and generated controls require separate runtime inventory"
"html/template/newgame.html","101","button",,,"'start_game'","ng-click","StartGame",,"","False","False","reference_only","not_run","Match layout state visibility input behavior and backend; repeated ancestors and generated controls require separate runtime inventory"
"html/template/saves.html","8","h2",,,"'saves'","","",,"","False","False","reference_only","not_run","Match layout state visibility input behavior and backend; repeated ancestors and generated controls require separate runtime inventory"
"html/template/saves.html","11","a",,,"'saves.'+cat","ng-click","Switch",,"","True","False","reference_only","not_run","Match layout state visibility input behavior and backend; repeated ancestors and generated controls require separate runtime inventory"
"html/template/saves.html","15","a",,,"'saves.'+tag","ng-click","SwitchWithTag",,"","True","False","reference_only","not_run","Match layout state visibility input behavior and backend; repeated ancestors and generated controls require separate runtime inventory"
"html/template/saves.html","23","a",,,"'saves.'+cat","ng-click","Switch",,"","True","False","reference_only","not_run","Match layout state visibility input behavior and backend; repeated ancestors and generated controls require separate runtime inventory"
"html/template/saves.html","27","a",,,"'saves.'+tag","ng-click","SwitchWithTag",,"","True","False","reference_only","not_run","Match layout state visibility input behavior and backend; repeated ancestors and generated controls require separate runtime inventory"
"html/template/saves.html","35","a",,,"'saves.'+cat","ng-click","Switch",,"","True","False","reference_only","not_run","Match layout state visibility input behavior and backend; repeated ancestors and generated controls require separate runtime inventory"
"html/template/saves.html","39","a",,,"'saves.'+tag","ng-click","SwitchWithTag",,"","True","False","reference_only","not_run","Match layout state visibility input behavior and backend; repeated ancestors and generated controls require separate runtime inventory"
"html/template/saves.html","46","a",,,"'saves.openfolder'","ng-click","OpenFolder",,"","False","False","reference_only","not_run","Match layout state visibility input behavior and backend; repeated ancestors and generated controls require separate runtime inventory"
"html/template/saves.html","54","span",,,"'saves.'+Category","","",,"","False","False","reference_only","not_run","Match layout state visibility input behavior and backend; repeated ancestors and generated controls require separate runtime inventory"
"html/template/saves.html","54","small",,,"'saves.'+Category + '.subtitle'","","",,"","False","False","reference_only","not_run","Match layout state visibility input behavior and backend; repeated ancestors and generated controls require separate runtime inventory"
"html/template/saves.html","58","workshopmessage",,,"'saves.loading'","","",,"","True","False","reference_only","not_run","Match layout state visibility input behavior and backend; repeated ancestors and generated controls require separate runtime inventory"
"html/template/saves.html","59","workshopmessage",,,"'saves.none'","","",,"","True","False","reference_only","not_run","Match layout state visibility input behavior and backend; repeated ancestors and generated controls require separate runtime inventory"
"html/template/saves.html","60","workshopmessage",,,"'ugc.disabled'","","",,"","True","False","reference_only","not_run","Match layout state visibility input behavior and backend; repeated ancestors and generated controls require separate runtime inventory"
"html/template/saves.html","69","label",,,,"ng-click","OpenWorkshopFile",,"","False","False","reference_only","not_run","Match layout state visibility input behavior and backend; repeated ancestors and generated controls require separate runtime inventory"
"html/template/saves.html","69","span",,,"'ugc.loading'","","",,"","True","False","reference_only","not_run","Match layout state visibility input behavior and backend; repeated ancestors and generated controls require separate runtime inventory"
"html/template/saves.html","71","span",,,"'ugc.loading'","","",,"","True","False","reference_only","not_run","Match layout state visibility input behavior and backend; repeated ancestors and generated controls require separate runtime inventory"
"html/template/saves.html","79","control",,,,"ng-click","Rate",,"","True","False","reference_only","not_run","Match layout state visibility input behavior and backend; repeated ancestors and generated controls require separate runtime inventory"
"html/template/saves.html","80","control",,,,"ng-click","Rate",,"","True","False","reference_only","not_run","Match layout state visibility input behavior and backend; repeated ancestors and generated controls require separate runtime inventory"
"html/template/saves.html","81","control",,,,"ng-click","Favorite",,"","True","False","reference_only","not_run","Match layout state visibility input behavior and backend; repeated ancestors and generated controls require separate runtime inventory"
"html/template/saves.html","82","control",,,,"ng-click","Favorite",,"","True","False","reference_only","not_run","Match layout state visibility input behavior and backend; repeated ancestors and generated controls require separate runtime inventory"
"html/template/saves.html","83","control",,,"'saves.publish'","ng-click","PublishLocal",,"","True","False","reference_only","not_run","Match layout state visibility input behavior and backend; repeated ancestors and generated controls require separate runtime inventory"
"html/template/saves.html","84","control",,,"'saves.delete'","ng-click","DeleteLocal",,"","True","False","reference_only","not_run","Match layout state visibility input behavior and backend; repeated ancestors and generated controls require separate runtime inventory"
"html/template/saves.html","88","control",,,"'ugc.subscribe'","ng-click","Subscribe",,"","True","False","reference_only","not_run","Match layout state visibility input behavior and backend; repeated ancestors and generated controls require separate runtime inventory"
"html/template/saves.html","89","control",,,"'ugc.unsubscribe'","ng-click","Unsubscribe",,"","True","False","reference_only","not_run","Match layout state visibility input behavior and backend; repeated ancestors and generated controls require separate runtime inventory"
"html/template/saves.html","90","control",,,"'saves.load'","ng-click","LoadSave",,"","False","False","reference_only","not_run","Match layout state visibility input behavior and backend; repeated ancestors and generated controls require separate runtime inventory"
"html/template/saves.html","99","a",,,,"ng-click","Go",,"","False","False","reference_only","not_run","Match layout state visibility input behavior and backend; repeated ancestors and generated controls require separate runtime inventory"
"html/template/saves.html","100","a",,,,"ng-click","Go",,"","False","False","reference_only","not_run","Match layout state visibility input behavior and backend; repeated ancestors and generated controls require separate runtime inventory"
"html/template/saves.html","103","a",,,,"ng-click","GoToPage",,"","False","False","reference_only","not_run","Match layout state visibility input behavior and backend; repeated ancestors and generated controls require separate runtime inventory"
"html/template/servers.html","8","h2",,,"'server_list'","","",,"","False","False","reference_only","not_run","Match layout state visibility input behavior and backend; repeated ancestors and generated controls require separate runtime inventory"
"html/template/servers.html","9","span",,,"'servers_servercount'","","",,"","False","False","reference_only","not_run","Match layout state visibility input behavior and backend; repeated ancestors and generated controls require separate runtime inventory"
"html/template/servers.html","10","span",,,"'servers_gmcount'","","",,"","False","False","reference_only","not_run","Match layout state visibility input behavior and backend; repeated ancestors and generated controls require separate runtime inventory"
"html/template/servers.html","12","a",,,"'servers_internet'","ng-click","SwitchType",,"","False","False","reference_only","not_run","Match layout state visibility input behavior and backend; repeated ancestors and generated controls require separate runtime inventory"
"html/template/servers.html","13","a",,,"'servers_favorites'","ng-click","SwitchType",,"","False","False","reference_only","not_run","Match layout state visibility input behavior and backend; repeated ancestors and generated controls require separate runtime inventory"
"html/template/servers.html","14","a",,,"'servers_history'","ng-click","SwitchType",,"","False","False","reference_only","not_run","Match layout state visibility input behavior and backend; repeated ancestors and generated controls require separate runtime inventory"
"html/template/servers.html","15","a",,,"'servers_local'","ng-click","SwitchType",,"","False","False","reference_only","not_run","Match layout state visibility input behavior and backend; repeated ancestors and generated controls require separate runtime inventory"
"html/template/servers.html","17","a",,,"'servers_refresh'","ng-click","Refresh",,"","False","False","reference_only","not_run","Match layout state visibility input behavior and backend; repeated ancestors and generated controls require separate runtime inventory"
"html/template/servers.html","18","a",,,"'servers_stoprefresh'","ng-click","DoStopRefresh",,"","False","False","reference_only","not_run","Match layout state visibility input behavior and backend; repeated ancestors and generated controls require separate runtime inventory"
"html/template/servers.html","20","a",,,"'legacy_browser'","ng-click","MenuOption",,"","False","False","reference_only","not_run","Match layout state visibility input behavior and backend; repeated ancestors and generated controls require separate runtime inventory"
"html/template/servers.html","24","span",,,"'addons.sort_by'","","",,"","False","False","reference_only","not_run","Match layout state visibility input behavior and backend; repeated ancestors and generated controls require separate runtime inventory"
"html/template/servers.html","25","input","gms_players","radio",,"","","GMSort","","False","False","reference_only","not_run","Match layout state visibility input behavior and backend; repeated ancestors and generated controls require separate runtime inventory"
"html/template/servers.html","25","label",,,"'gmsort_players'","","",,"","False","False","reference_only","not_run","Match layout state visibility input behavior and backend; repeated ancestors and generated controls require separate runtime inventory"
"html/template/servers.html","26","input","gms_servers","radio",,"","","GMSort","","False","False","reference_only","not_run","Match layout state visibility input behavior and backend; repeated ancestors and generated controls require separate runtime inventory"
"html/template/servers.html","26","label",,,"'gmsort_servers'","","",,"","False","False","reference_only","not_run","Match layout state visibility input behavior and backend; repeated ancestors and generated controls require separate runtime inventory"
"html/template/servers.html","27","input","gms_name","radio",,"","","GMSort","","False","False","reference_only","not_run","Match layout state visibility input behavior and backend; repeated ancestors and generated controls require separate runtime inventory"
"html/template/servers.html","27","label",,,"'gmsort_name'","","",,"","False","False","reference_only","not_run","Match layout state visibility input behavior and backend; repeated ancestors and generated controls require separate runtime inventory"
"html/template/servers.html","28","span",,,"'addons.filter_by'","","",,"","False","False","reference_only","not_run","Match layout state visibility input behavior and backend; repeated ancestors and generated controls require separate runtime inventory"
"html/template/servers.html","30","input","gmfltr_hide_{{cat}}","checkbox",,"onclick","SwitchFilter",,"","False","False","reference_only","not_run","Match layout state visibility input behavior and backend; repeated ancestors and generated controls require separate runtime inventory"
"html/template/servers.html","30","label",,,"'gmfltr_hide_' + cat","","",,"","False","False","reference_only","not_run","Match layout state visibility input behavior and backend; repeated ancestors and generated controls require separate runtime inventory"
"html/template/servers.html","31","img",,,,"onclick","ReverseFilter",,"","False","False","reference_only","not_run","Match layout state visibility input behavior and backend; repeated ancestors and generated controls require separate runtime inventory"
"html/template/servers.html","33","input",,"text","'gmsearch_placeholder'","","","GMSearch","","False","False","reference_only","not_run","Match layout state visibility input behavior and backend; repeated ancestors and generated controls require separate runtime inventory"
"html/template/servers.html","36","label",,,"'svfltr_ply_limit'","","",,"","False","False","reference_only","not_run","Match layout state visibility input behavior and backend; repeated ancestors and generated controls require separate runtime inventory"
"html/template/servers.html","37","input","SVFilterPlyMin","number",,"","","SVFilterPlyMin","","False","False","reference_only","not_run","Match layout state visibility input behavior and backend; repeated ancestors and generated controls require separate runtime inventory"
"html/template/servers.html","39","input",,"number",,"","","SVFilterPlyMax","","False","False","reference_only","not_run","Match layout state visibility input behavior and backend; repeated ancestors and generated controls require separate runtime inventory"
"html/template/servers.html","40","label",,,"'svfltr_ping_limit'","","",,"","False","False","reference_only","not_run","Match layout state visibility input behavior and backend; repeated ancestors and generated controls require separate runtime inventory"
"html/template/servers.html","41","input","SVFilterMaxPing","number",,"","","SVFilterMaxPing","","False","False","reference_only","not_run","Match layout state visibility input behavior and backend; repeated ancestors and generated controls require separate runtime inventory"
"html/template/servers.html","42","input","sv_notfull","checkbox",,"","","SVFilterNotFull","","False","False","reference_only","not_run","Match layout state visibility input behavior and backend; repeated ancestors and generated controls require separate runtime inventory"
"html/template/servers.html","42","label",,,"'svfltr_not_full'","","",,"","False","False","reference_only","not_run","Match layout state visibility input behavior and backend; repeated ancestors and generated controls require separate runtime inventory"
"html/template/servers.html","43","input","sv_notempty","checkbox",,"","","SVFilterHasPly","","False","False","reference_only","not_run","Match layout state visibility input behavior and backend; repeated ancestors and generated controls require separate runtime inventory"
"html/template/servers.html","43","label",,,"'svfltr_has_players'","","",,"","False","False","reference_only","not_run","Match layout state visibility input behavior and backend; repeated ancestors and generated controls require separate runtime inventory"
"html/template/servers.html","44","input","sv_nopass","checkbox",,"","","SVFilterHidePass","","False","False","reference_only","not_run","Match layout state visibility input behavior and backend; repeated ancestors and generated controls require separate runtime inventory"
"html/template/servers.html","44","span",,,"'svfltr_no_password'","","",,"","False","False","reference_only","not_run","Match layout state visibility input behavior and backend; repeated ancestors and generated controls require separate runtime inventory"
"html/template/servers.html","45","input","sv_outdated","checkbox",,"","","SVFilterHideOutdated","","False","False","reference_only","not_run","Match layout state visibility input behavior and backend; repeated ancestors and generated controls require separate runtime inventory"
"html/template/servers.html","45","label",,,"'svfltr_outdated'","","",,"","False","False","reference_only","not_run","Match layout state visibility input behavior and backend; repeated ancestors and generated controls require separate runtime inventory"
"html/template/servers.html","48","img",,,,"ng-click","FilterFlag",,"","False","True","reference_only","not_run","Match layout state visibility input behavior and backend; repeated ancestors and generated controls require separate runtime inventory"
"html/template/servers.html","58","span",,,"'servers_gamemodes'","","",,"","False","False","reference_only","not_run","Match layout state visibility input behavior and backend; repeated ancestors and generated controls require separate runtime inventory"
"html/template/servers.html","59","small",,,"'servers_gamemodes.subtitle'","","",,"","False","False","reference_only","not_run","Match layout state visibility input behavior and backend; repeated ancestors and generated controls require separate runtime inventory"
"html/template/servers.html","65","div",,,,"ng-click","SelectGamemode",,"","False","True","reference_only","not_run","Match layout state visibility input behavior and backend; repeated ancestors and generated controls require separate runtime inventory"
"html/template/servers.html","69","span",,,"gamemode.num_players == 1 && 'servers_player_on' || 'servers_players_on'","","",,"","False","False","reference_only","not_run","Match layout state visibility input behavior and backend; repeated ancestors and generated controls require separate runtime inventory"
"html/template/servers.html","69","span",,,"gamemode.num_servers == 1 && 'servers_server' || 'servers_servers'","","",,"","False","False","reference_only","not_run","Match layout state visibility input behavior and backend; repeated ancestors and generated controls require separate runtime inventory"
"html/template/servers.html","71","tag",,,"'gmfltr_hide_' + gamemode.info.tag","","",,"","True","False","reference_only","not_run","Match layout state visibility input behavior and backend; repeated ancestors and generated controls require separate runtime inventory"
"html/template/servers.html","74","span",,,,"ng-click","InstallGamemode|stopPropagation",,"","True","False","reference_only","not_run","Match layout state visibility input behavior and backend; repeated ancestors and generated controls require separate runtime inventory"
"html/template/servers.html","81","span",,,"'servers_find_title'","","",,"","False","False","reference_only","not_run","Match layout state visibility input behavior and backend; repeated ancestors and generated controls require separate runtime inventory"
"html/template/servers.html","83","input",,"text",,"","","$parent.FindServerString","","False","False","reference_only","not_run","Match layout state visibility input behavior and backend; repeated ancestors and generated controls require separate runtime inventory"
"html/template/servers.html","84","button",,,"'servers_find'","ng-click","FindServersAtAddress",,"","False","False","reference_only","not_run","Match layout state visibility input behavior and backend; repeated ancestors and generated controls require separate runtime inventory"
"html/template/servers.html","91","a",,,,"ng-click","ToggleFavorite|Refresh|stopPropagation",,"","False","False","reference_only","not_run","Match layout state visibility input behavior and backend; repeated ancestors and generated controls require separate runtime inventory"
"html/template/servers.html","111","small",,,"'join_a_server'","","",,"","False","False","reference_only","not_run","Match layout state visibility input behavior and backend; repeated ancestors and generated controls require separate runtime inventory"
"html/template/servers.html","114","div",,,"'servers_install_gamemode'","ng-click","InstallGamemode|stopPropagation",,"","True","False","reference_only","not_run","Match layout state visibility input behavior and backend; repeated ancestors and generated controls require separate runtime inventory"
"html/template/servers.html","117","input",,"text","'svsearch_placeholder'","","","CurrentGamemode.Search","","False","False","reference_only","not_run","Match layout state visibility input behavior and backend; repeated ancestors and generated controls require separate runtime inventory"
"html/template/servers.html","118","a",,,,"ng-click","SelectGamemode",,"","False","False","reference_only","not_run","Match layout state visibility input behavior and backend; repeated ancestors and generated controls require separate runtime inventory"
"html/template/servers.html","118","span",,,"'return_to_gamemodes'","","",,"","False","False","reference_only","not_run","Match layout state visibility input behavior and backend; repeated ancestors and generated controls require separate runtime inventory"
"html/template/servers.html","126","name",,,"'server_name_header'","ng-click","ChangeOrder",,"","False","False","reference_only","not_run","Match layout state visibility input behavior and backend; repeated ancestors and generated controls require separate runtime inventory"
"html/template/servers.html","127","map",,,"'server_mapname'","ng-click","ChangeOrder",,"","False","False","reference_only","not_run","Match layout state visibility input behavior and backend; repeated ancestors and generated controls require separate runtime inventory"
"html/template/servers.html","128","players",,,"'server_players'","ng-click","ChangeOrder",,"","False","False","reference_only","not_run","Match layout state visibility input behavior and backend; repeated ancestors and generated controls require separate runtime inventory"
"html/template/servers.html","129","ping",,,"'server_ping'","ng-click","ChangeOrder",,"","False","False","reference_only","not_run","Match layout state visibility input behavior and backend; repeated ancestors and generated controls require separate runtime inventory"
"html/template/servers.html","130","rank",,,"'server_ranking'","ng-click","ChangeOrder",,"","False","False","reference_only","not_run","Match layout state visibility input behavior and backend; repeated ancestors and generated controls require separate runtime inventory"
"html/template/servers.html","137","div",,,,"ng-dblclick","JoinServer",,"","False","True","reference_only","not_run","Match layout state visibility input behavior and backend; repeated ancestors and generated controls require separate runtime inventory"
"html/template/servers.html","141","a",,,,"ng-click","ToggleFavorite|stopPropagation",,"","False","False","reference_only","not_run","Match layout state visibility input behavior and backend; repeated ancestors and generated controls require separate runtime inventory"
"html/template/servers.html","145","ver_str",,,"server.version_c > 0 ? 'server_ver_new' : 'server_ver_old'","","",,"","False","False","reference_only","not_run","Match layout state visibility input behavior and backend; repeated ancestors and generated controls require separate runtime inventory"
"html/template/servers.html","148","lbl",,,"'server_lastvisit'","","",,"","False","False","reference_only","not_run","Match layout state visibility input behavior and backend; repeated ancestors and generated controls require separate runtime inventory"
"html/template/servers.html","163","span",,,,"ng-click","SelectServer",,"","False","False","reference_only","not_run","Match layout state visibility input behavior and backend; repeated ancestors and generated controls require separate runtime inventory"
"html/template/servers.html","177","td",,,"'playerlist_name'","","",,"","False","False","reference_only","not_run","Match layout state visibility input behavior and backend; repeated ancestors and generated controls require separate runtime inventory"
"html/template/servers.html","178","td",,,"'playerlist_score'","","",,"","False","False","reference_only","not_run","Match layout state visibility input behavior and backend; repeated ancestors and generated controls require separate runtime inventory"
"html/template/servers.html","179","td",,,"'playerlist_time'","","",,"","False","False","reference_only","not_run","Match layout state visibility input behavior and backend; repeated ancestors and generated controls require separate runtime inventory"
"html/template/servers.html","192","input",,"password","'password'","","","CurrentGamemode.Selected.password","","True","False","reference_only","not_run","Match layout state visibility input behavior and backend; repeated ancestors and generated controls require separate runtime inventory"
"html/template/servers.html","195","input","join_if_not_full","checkbox",,"","","$parent.JoinIfHasSlot","","False","False","reference_only","not_run","Match layout state visibility input behavior and backend; repeated ancestors and generated controls require separate runtime inventory"
"html/template/servers.html","196","label",,,"'sv_join_if_not_full'","","",,"","False","False","reference_only","not_run","Match layout state visibility input behavior and backend; repeated ancestors and generated controls require separate runtime inventory"
"html/template/servers.html","199","button",,,"CurrentGamemode.Selected.players < CurrentGamemode.Selected.maxplayers && 'servers_join_server' || 'servers_join_server_full'","ng-click","JoinServer",,"","False","False","reference_only","not_run","Match layout state visibility input behavior and backend; repeated ancestors and generated controls require separate runtime inventory"
