id,spec_id,area,feature,status,priority,current_state,missing_work,acceptance,evidence
physgun_glow,physgun,Physgun,Core and prong glow,partial,P0,Mounted additive sprites on sampled weapon attachments with authored pulse,Measure and match original glow sizing brightness and state transitions,Match idle and held-object reference captures in both views,source_effects
physgun_light,lighting,Physgun,Illumination from weapon effects,unverified,P0,No dedicated physgun effect lighting,Measure reference effect lighting and implement observed behavior,Compare nearby walls hands and props under identical exposure,user_report_reference_required
physgun_beam,particles,Physgun,Textured animated beam,partial,P0,Mounted scrolling beam texture and endpoint flare in both views,Match reference width color depth scroll timing and exact grab anchor,Compare pickup drag release and obstruction frames,source_effects
physgun_claws,animation,Physgun,Claw open and close states,missing,P0,Idle clip sampled,Drive authored claw sequences from weapon state,Compare acquire hold release and failed-target timing,source_player
physgun_audio,audio,Physgun,Pickup hum release and freeze sounds,missing,P1,No Source audio runtime,Implement stock sound events loops and spatialization,Compare event timing and stop loops on switch or removal,feature_ledger
physgun_color,physgun,Physgun,Player weapon color,missing,P1,Fixed beam color,Apply selected player weapon color to relevant effects,Change color and compare world and view effects,source_play_beam
physgun_hitpoint,physgun,Physgun,Exact grab point and beam endpoint,partial,P1,Prop bounds targeting and model-origin endpoint,Trace actual collision shape and preserve local grab anchor,Grab off-center rotated props and compare behavior,source_play
physgun_rotation,physgun_snap,Physgun,Rotation snapping and modifiers,partial,P1,Simplified rotation behavior,Match free rotation snap increments and modifier controls,Replay all rotation bindings against reference,feature_ledger
physgun_unfreeze,physgun_snap,Physgun,Reload and multi-unfreeze,missing,P1,Single-body freeze approximation,Implement exact reload and double-reload scope and timing,Compare single and assembly unfreeze with ownership,feature_ledger
physgun_eligibility,physgun,Physgun,Pickup permissions and target classes,partial,P1,Spawned props only,Handle world exclusions frozen targets ragdoll bones and permissions,Compare allow and deny fixtures for each target class,source_play
menu_layout,spawn_menu,Spawn menu,Stock Q menu structure and skin,partial,P0,Custom three-tab Bevy panel,Rebuild stock panel arrangement sizing colors borders spacing and tabs,Overlay same-resolution stock and Rust menu screenshots,user_report_and_source_play
menu_icons,spawn_menu,Spawn menu,Thumbnails and icon layout,partial,P0,Some mounted PNG thumbnails,Match icon sizes captions hover selected states and missing-icon generation,Compare populated and missing-thumbnail grids,source_play
menu_tree,spawn_menu,Spawn menu,Spawnlist tree and hierarchy,partial,P0,Flat folder-category buttons,Load actual stock spawnlists and nested tree expansion,Compare every stock folder and content ordering,source_play
menu_tools,spawn_menu,Spawn menu,Right-side tools and control panels,partial,P0,Three custom actions and text catalog,Build stock tool category tree selected panel and all option widgets,Compare each stock tool panel and defaults,source_play
menu_search,spawn_menu,Spawn menu,Search input semantics,partial,P1,Text concatenation with Q excluded,Implement focused text editing selection clipboard navigation and complete search,Test text containing Q and mixed case plus keyboard shortcuts,source_play
menu_scroll,spawn_menu,Spawn menu,Scrolling resizing and persistence,partial,P1,Fixed grid and clipped category area,Match scrollbars splitters panel sizing and retained state,Compare small and large resolutions and reopen behavior,source_play
menu_tabs,spawn_menu,Spawn menu,All creation tabs and spawn types,missing,P1,Props tab only for creation,Add weapons NPCs vehicles entities effects and reference-defined tabs,Enumerate installed stock tabs and verify every supported entry,feature_ledger
menu_favorites,spawn_menu,Spawn menu,Custom spawnlists and favorites,missing,P2,No editable spawnlists,Implement folders drag-drop save import export and icon context actions,Roundtrip a custom nested spawnlist,feature_ledger
menu_q_behavior,spawn_menu,Spawn menu,Hold toggle and cursor behavior,unverified,P0,Custom Q toggle,Match configured stock opening closing and mouse capture rules,Replay press hold release and focus transitions,source_play
context_layout,context_menu,Context menu,Stock C menu and property popup,missing,P0,No stock context interface,Recreate context bar target properties and option placement,Compare C menu and right-click entity menus,user_report_and_feature_ledger
context_props,context_menu,Context menu,Skins bodygroups render and physics properties,missing,P1,No entity property panels,Implement each stock property with eligibility and permissions,Check every stock property on relevant model types,feature_ledger
context_player,context_menu,Context menu,Player model colors hands and settings,missing,P1,Fixed Kleiner and hands selection,Recreate stock player customization and persistence,Change models colors skin and bodygroups then reload,source_player
derma_widgets,derma,UI,Stock widget drawing and interaction,missing,P1,Custom Bevy buttons and labels,Provide required panels trees sliders lists text fields and layout rules,Run widget-focused stock screen comparison cases,source_play
ui_fonts,derma,UI,Fonts text metrics scaling and tooltips,unverified,P0,Bevy default font styling,Match available stock font fallback metrics alignment and tooltips,Compare text baselines clipping and UI at multiple DPIs,source_play
ui_focus,derma,UI,Keyboard mouse focus and input isolation,unverified,P1,Separate UI and gameplay input paths,Prevent capture clicks or typing from triggering weapons and movement,Test focus loss menu transitions and held inputs,source_play
main_menu,derma,UI,Main menu pause menu and loading screens,missing,P1,Launches straight into map,Implement stock screen flow buttons backgrounds and loading feedback,Compare launch pause resume disconnect and map change,feature_ledger
settings_menu,console,UI,Complete options and key binding screens,partial,P1,FOV sensitivity noclip and viewmodel toggles,Inventory every stock option and implement binding validation persistence and reset,Compare all option pages and restored defaults,source_play
hud,render_hooks,UI,Health ammo weapon selection and notifications,missing,P1,Custom debug text HUD,Recreate stock HUD crosshair hints undo notifications and weapon selection,Compare HUD in normal low-health tool and combat states,source_play
chat_scoreboard,multiplayer_ui,UI,Chat scoreboard voice and player list,missing,P2,No multiplayer UI,Implement stock layouts behavior permissions and routing,Compare multi-client chat voice mute and scoreboard cases,feature_ledger
localization_tokens,localization,UI,Language tokens and translations,missing,P2,Hard-coded English strings,Load stock language resources and support fallback and formatting,Compare two languages including long labels and missing tokens,feature_ledger
tool_screen,toolgun,Toolgun,Live selected-tool screen,partial,P0,Original static model texture,Render selected tool title status and stock screen content,Compare screen while switching tools and stages,source_player
weapon_events,weapons,Weapons,Draw holster attack and reload animations,partial,P1,Selected idle clips only,Drive weapon sequences and timed sound effect events,Compare frame timing on switch fire reload and cancel,source_player
viewmodel_motion,weapons,Weapons,Bob sway recoil and lowered poses,missing,P1,Camera-relative posed weapon,Match reference movement and weapon-state transforms,Replay walking running turning crouch and attack,source_player
viewmodel_hands,models,Weapons,Model-specific hands and bone merge,partial,P1,One hands model merged by bone name,Resolve player-to-hands mapping sleeves skin and all hand bones,Compare supported player model and weapon combinations,source_player
viewmodel_projection,weapons,Weapons,Separate FOV depth and clipping,unverified,P1,Separate render camera exists,Validate near-plane FOV wall clipping and render ordering,Compare against walls and during third-person toggles,source_player
world_attachment,animation,Weapons,Held weapon grip and aim pose,partial,P0,Right-hand authored attachment,Implement left-hand grip aim pitch hold layers and all supported weapons,Compare up down crouch walk and run poses,source_player
weapon_inventory,player_state,Weapons,Pickup slots switching ammo and loadout,missing,P1,Physgun and toolgun boolean switch,Implement stock inventory weapon entities ammo and spawn loadout,Compare pickup drop empty ammo death and respawn,source_play
stock_firearms,weapons,Weapons,Stock firearm behavior and effects,missing,P2,No combat weapons,Inventory stock weapon definitions and implement firing spread reload ammo and effects,Record per-weapon reference cases and numerical tolerances,feature_ledger
stock_special,weapons,Weapons,Crowbar grenades RPG crossbow and special weapons,missing,P2,No stock combat behavior,Implement melee projectiles explosives guidance and secondary modes,Compare each stock weapon primary secondary reload and damage,feature_ledger
gravity_actions,gravity_gun,Weapons,Gravity gun pull pickup punt and launch,missing,P1,No gravity gun state machine,Implement eligible targets mass constraints impulses and effects,Compare pull hold punt launch and denied-target fixtures,feature_ledger
move_accel,movement,Movement,Ground acceleration friction and speeds,partial,P1,Rapier capsule with direct requested velocity,Match Source movement constants input acceleration and friction,Compare recorded trajectories with declared tolerances,source_player
move_air,movement,Movement,Air acceleration jump and landing,partial,P1,Basic gravity and jump tests,Implement air control jump timing landing rules and frame-rate equivalence,Compare airborne trajectories at several render rates,source_player
move_crouch,movement,Movement,Crouch hull eye height and transitions,missing,P1,Standing capsule only,Implement duck transitions clearance checks and movement changes,Compare low ceilings crouch jumps and blocked standing,source_player
move_steps,movement,Movement,Steps slopes corners and ledges,unverified,P1,Rapier autostep and slide,Measure and correct Source step slope and edge behavior,Replay measured map traversal fixtures,source_player
move_swim,movement,Movement,Water swimming and ladders,missing,P1,No contents-driven movement,Implement water levels buoyancy swimming ladder attach and dismount,Compare water transitions and ladder movement,feature_ledger
move_platforms,movement,Movement,Moving platforms doors and pushing props,missing,P1,Visible brushes are static,Implement ground velocity inheritance pushing and moving collision,Ride lifts and collide with moving doors in reference fixtures,feature_ledger
move_hull,physics_parity,Movement,Source player hull and collision contents,partial,P1,Capsule against rendered meshes,Use appropriate hull and separate solid clip playerclip and trigger contents,Compare invisible clip and narrow-passage fixtures,source_player
move_spawn,movement,Movement,Spawn placement unsticking and recovery,unverified,P1,Original spawn entity converted,Validate yaw feet eye offsets valid spawn selection and stuck recovery,Compare multiple spawn points and obstructed spawns,source_player
noclip_exit,noclip,Movement,Noclip speed controls and safe exit,partial,P1,Noclip toggle with basic motion,Match permissions modifiers and collision-safe exit,Test exit inside wall and noclip at reference speeds,source_player
camera_third,movement,Camera,Third-person obstruction and eye traces,unverified,P1,Ray-based camera obstruction and eye-based targeting,Validate corners ceilings near plane aiming and view toggle continuity,Compare camera and target traces around geometry,source_player
anim_directions,animation,Animation,Backward strafe and diagonal locomotion,missing,P1,Forward walk and run clips reused,Select and blend directional locomotion with speed and heading,Compare eight directions at walk and run speeds,source_player
anim_air,animation,Animation,Crouch jump fall land and swim,missing,P1,Idle forward walk and run only,Implement all movement-driven sequence transitions,Compare grounded airborne crouched and water states,source_player
anim_blend,animation,Animation,Pose parameters gestures layers and IK,missing,P1,Single sampled pose per actor,Implement sequence blending aim layers gesture timing and foot IK,Compare turning aiming slopes and layered actions,source_animation
anim_format,animation,Animation,Complete animation format coverage,partial,P1,Selected clips external blocks and sections,Support remaining encodings delta layers include chains and malformed data,Build clip corpus including rejected and edge-case animations,source_animation
anim_face,animation,Animation,Facial flexes eyes blinking and mouth,missing,P2,Static face geometry,Implement flex controllers eye orientation blink and lip sync,Compare stock facial and spoken animation cases,feature_ledger
anim_procedural,animation,Animation,Jiggle procedural bones and bone scaling,missing,P2,Authored skeleton sampling only,Implement required procedural solvers and per-bone manipulation,Compare compatible models under motion and posing tools,feature_ledger
player_life,player_state,Player,Health armor damage death respawn and teams,missing,P1,Movement state only,Implement stock player lifecycle inventory reset and team rules,Replay damage death respawn and team transitions,feature_ledger
player_ragdoll,ragdolls,Player,Death ragdoll and articulated posing,missing,P1,No ragdoll runtime,Load per-bone physics constraints and death transition,Compare death pose ragdoll pickup and cleanup,feature_ledger
damage_rules,damage,Combat,Hitgroups blast fall crush and damage types,missing,P2,No damage pipeline,Implement stock damage rules filters attribution and effects,Run per-damage-type reference corpus,feature_ledger
prop_spawn_trace,prop_spawn,Props,Spawn trace placement rotation and clearance,partial,P1,Simplified eye-relative spawning,Match model bounds surface alignment offset and spawn permission checks,Compare walls slopes ground blocked spots and rotated models,source_play
prop_phy,physics,Physics,Original PHY collision and mass properties,missing,P1,Generated convex hulls and generic mass,Decode collision solids mass center inertia and surface materials,Compare concave objects drop roll stack and mass fixtures,source_play
prop_solver,physics_parity,Physics,Solver contacts friction damping and sleep,partial,P1,Rapier rather than Source VPhysics,Specify compatibility targets and match measured trajectories,Repeat stack impact slide and sleep scenarios,feature_ledger
prop_buoyancy,physics_parity,Physics,Water buoyancy drag and floating props,missing,P2,No water physics,Implement volume-based fluid behavior with stock coefficients,Compare floating sinking and submerged motion,feature_ledger
prop_damage,physics,Physics,Breakables debris and collision damage,missing,P2,No breakable prop pipeline,Implement health break models fragments collision groups and damage,Compare stock breakable models and cleanup,feature_ledger
ownership_rules,entity_ownership,Sandbox,Ownership permissions and spawn limits,missing,P1,Local prop count only,Implement player ownership hooks permission checks and per-type limits,Test allowed and denied edits across two players,feature_ledger
entity_callbacks,entity_lifecycle,Entities,Entity lifecycle and stable identities,partial,P1,Bevy entities for selected types,Match initialize think touch use removal parenting and ID lifetimes,Compare ordered lifecycle traces and reference invalidation,feature_ledger
undo_groups,undo,Sandbox,Per-player grouped undo semantics,partial,P1,Whole-scene snapshots,Implement operation groups labels callbacks and ownership scoping,Undo one machine without rewinding unrelated motion,source_play
cleanup_groups,cleanup,Sandbox,Cleanup categories ownership and map reset,partial,P1,Prototype reset not full cleanup,Implement stock cleanup lists filters player ownership and map cleanup,Compare category cleanup and admin map reset,feature_ledger
dupe_assemblies,duplicator,Sandbox,Constrained assembly duplication and modifiers,missing,P1,Single prop duplication only,Serialize references constraints entities modifiers and placement previews,Roundtrip a mixed constrained machine,source_play
save_compat,save_load,Persistence,Stock save compatibility and full scene state,partial,P2,Separate local JSON prop saves,Define format compatibility and support entities constraints velocities and metadata,Roundtrip documented scene corpus without corrupting prior saves,source_play
save_transaction,save_load,Persistence,Source sandbox save-load failure handling,unverified,P1,Validation and preloading path exists,Add actual Source workflow tests for malformed missing and oversized data,Failed loads preserve live world and existing files,source_play
bsp_entities,bsp,Map,All map entity types and transforms,partial,P1,World selected brushes and static models,Implement dynamic prop entities spawn flags movement and lifecycle,Account for every entity in pinned stock map manifests,source_assets
bsp_surfaces,bsp,Map,Complete visible surface and displacement geometry,unverified,P1,Normals repaired and basic map test,Validate all face types seams normals rotations and multi-map coverage,Compare indoor outdoor and displacement reference viewpoints,source_assets
bsp_collision,bsp,Map,Brush contents and invisible collision,partial,P1,Visible triangle collision approximation,Decode solid BSP brushes clip surfaces and non-solid rendering separately,Compare collision-only and render-only fixtures,source_assets
map_io_dispatch,map_io,Map,Inputs outputs targets delays and state,missing,P1,No map I/O runtime,Implement target resolution event queue inputs outputs and kill behavior,Replay door button trigger and delayed output fixtures,feature_ledger
map_interactions,map_io,Map,Doors lifts buttons triggers and teleports,missing,P1,Selected entity geometry only,Implement per-class state machines collision and I/O,Compare all interactive entities on scoped maps,feature_ledger
map_pvs,bsp,Map,PVS areaportals occlusion and visibility,missing,P2,Geometry drawn without Source visibility pipeline,Implement visibility selection without dropping required geometry,Compare portal transitions and frame-time scaling,feature_ledger
sky_3d,map_lighting,Rendering,3D skybox scale transform and fog,missing,P1,Six-face sky only,Implement sky_camera transform scaled geometry and sky fog,Compare skyline from matched positions and FOV,source_assets
sky_orientation,map_lighting,Rendering,2D sky orientation and seams,unverified,P1,Six mounted textures,Validate axis orientation seams exposure and sky parameters,Compare six directions and sky horizon captures,source_assets
lightmaps_hdr,map_lighting,Rendering,HDR lightmaps exposure gamma and styles,partial,P1,LDR atlas with normalized lighting,Support HDR range animated styles exposure and reference tone response,Compare dark rooms bright outdoors and transitions,source_assets
model_lighting,map_lighting,Rendering,Static and dynamic model lighting,partial,P0,Approximate model material lighting,Implement light probes vertex lighting ambient cube and shadow behavior,Compare player and props across indoor and outdoor positions,source_assets
materials_shaders,materials,Rendering,Source shader parameters and shading models,partial,P1,Base textures and limited material flags,Implement shader-specific normals specular phong rim detail and selfillum,Compare curated stock material corpus,source_assets
materials_proxies,materials,Rendering,Material proxies and animated parameters,missing,P1,Static evaluated materials,Implement time entity color texture-frame and matrix proxies,Compare animated and player-colored materials across time,feature_ledger
materials_patch,materials,Rendering,Patch inheritance and complete path resolution,partial,P2,Bounded patch resolution,Verify include chains replace insert fallback and malformed cycles,Test reference VMT resolution corpus,source_assets
water_render,map_lighting,Rendering,Water reflection refraction waves and underwater fog,missing,P1,Fog-color approximation,Implement observed surface optics animated normals and submerged views,Compare shoreline above and below water,source_assets
glass_mirrors,materials,Rendering,Glass reflective materials and mirrors,missing,P1,Some reflective shaders rejected,Implement required blending refraction envmaps and planar reflection,Compare gm_construct mirror and glass angles,source_assets
decals_overlays,particles,Rendering,Decals overlays impact marks and paint,missing,P2,No stock decal pipeline,Implement projection blending ordering lifetime and save behavior,Compare overlapping surface decals and BSP overlays,feature_ledger
texture_formats,materials,Rendering,VTF animation formats mipmaps and filtering,partial,P2,Common decoded textures with mipmaps,Cover animated frames cubemaps uncommon formats and exact filtering,Validate representative texture-format corpus,source_assets
model_decode,models,Models,MDL VVD VTX checksums fixups strips and LODs,partial,P1,Existing decoder with known rejected model,Validate checksum combinations offsets body alternatives and all LOD paths,Render corpus including currently rejected switch model,source_models
model_bodygroups,models,Models,Skins bodygroups and submaterials,partial,P1,Selected skin lookup only,Implement bodygroup masks selectable skins submaterial overrides and persistence,Compare every alternative on representative stock models,source_models
model_hitboxes,models,Models,Hitboxes attachments and model metadata,partial,P1,Selected weapon attachments decoded,Load complete hitbox sets attachment transforms and metadata consumers,Compare animation-driven traces and attachment positions,source_player
light_dynamic,lighting,Rendering,Projected lamps flashlights and dynamic shadows,missing,P1,No stock projected-texture interface,Implement texture projections cone falloff color shadow and attachment rules,Compare lamp flashlight and shadow settings,feature_ledger
post_effects,postprocess,Rendering,Stock postprocessing controls and render effects,missing,P2,No stock postprocess stack,Implement observed bloom color correction DOF motion blur and overlays,Compare each effect default and extreme settings,feature_ledger
render_api,render_hooks,Rendering,Render targets stencil hooks and ordering,missing,P2,Bevy render path without GMod hook compatibility,Implement documented draw hooks state isolation targets and stencil operations,Run ordered hook and state-restoration conformance tests,feature_ledger
audio_environment,audio,Audio,Soundscapes ambience footsteps and environmental DSP,missing,P1,No Source audio playback,Load sound scripts soundscapes surface footsteps occlusion and DSP,Compare timed audio events and listener movement,feature_ledger
audio_channels,audio,Audio,Sound channels loops pitch volume and stop semantics,missing,P2,No stock sound API,Implement channel replacement looping pitch gain attenuation and cleanup,Test sound lifecycle and spatial parameter corpus,feature_ledger
effect_runtime,particles,Effects,Particle systems trails beams and scripted effects,partial,P2,Fixed physgun sprite and beam pool only,Implement stock effect definitions emitters attachments and lifetime rules,Compare representative effect sequences frame by frame,feature_ledger
npc_ai,npcs,AI,Stock NPC classes senses schedules and combat,missing,P2,No NPC simulation,Inventory stock classes and implement behavior animation weapons and relationships,Run per-NPC idle follow combat damage and death cases,feature_ledger
npc_controls,npcs,AI,NPC spawn settings weapons and dispositions,missing,P2,No NPC menu or spawn runtime,Implement stock spawn options AI toggles weapon overrides and relationships,Compare menu defaults and resulting NPC behavior,feature_ledger
navigation_data,navigation,AI,Node graphs navmeshes ladders and paths,missing,P2,No navigation runtime,Read relevant map navigation data and implement path queries,Compare reachability obstacles ladders and unreachable goals,feature_ledger
nextbot_runtime,nextbot,AI,NextBot locomotion sensing and coroutine behavior,missing,P2,No NextBot runtime,Implement documented behavior scheduling locomotion and stuck handling,Run explicitly scoped NextBot reference cases,feature_ledger
vehicle_runtime,vehicles,Vehicles,Seats driving steering suspension and passengers,missing,P2,No vehicles,Implement vehicle types controls physics enter exit and occupancy,Compare each stock vehicle and seat fixture,feature_ledger
lua_dialect,scripting,Lua,GMod dialect libraries userdata and errors,missing,P2,No Lua runtime,Define versioned API surface and implement dialect and native bindings,Run per-API conformance tests including errors,feature_ledger
lua_realms_files,lua_realms,Lua,Client server menu realms and file delivery,missing,P2,No realm system,Implement startup order includes shared file delivery and isolated states,Compare realm loading traces and visibility,feature_ledger
lua_hook_rules,lua_hooks,Lua,Hooks gamemode fallback and return values,missing,P2,No hook dispatcher,Implement names argument passing returns removal and error behavior,Run hook-order and short-circuit fixtures,feature_ledger
lua_timer_rules,lua_timers,Lua,Timers coroutines refresh and error recovery,missing,P2,No script scheduler,Implement timing pause removal repetition and hot reload behavior,Compare timer traces under pause errors and reload,feature_ledger
lua_storage_api,lua_storage,Lua,Files JSON tables SQLite and addon persistence,missing,P2,No GMod storage API,Implement compatible APIs with explicit filesystem boundaries,Run serialization SQL persistence and traversal rejection cases,feature_ledger
lua_entity_api,scripting,Lua,Scripted entities weapons tools and panels,missing,P2,No SENT SWEP TOOL or PANEL registration,Implement registration inheritance callbacks and object lifetimes,Load selected stock scripts without unimplemented API calls,feature_ledger
net_replication,networking,Network,Authoritative entities snapshots and events,missing,P2,Single-player local application,Implement server ownership replication baselines and updates,Two clients converge after spawn edit and removal,feature_ledger
net_prediction,prediction,Network,Input prediction reconciliation and lag compensation,missing,P2,No networking,Implement tick history prediction rollback interpolation and compensated traces,Compare controlled latency loss and reorder cases,feature_ledger
net_lua,lua_net,Network,Net messages networked vars strings and limits,missing,P2,No Lua network API,Implement serialization limits registrations and entity variable replication,Run byte-level and multi-client conformance cases,feature_ledger
server_runtime,server,Network,Dedicated server administration maps and limits,missing,P2,No dedicated server,Implement lifecycle connect disconnect map change bans and console controls,Run headless multi-client server lifecycle tests,feature_ledger
steam_services,steam,Platform,Identity authentication lobbies and server browser,missing,P2,No Steam service integration,Use authorized APIs for scoped identity discovery and joining,Test account session and disconnect behavior without publishing credentials,feature_ledger
workshop_lifecycle,workshop,Platform,Subscriptions downloads updates and dependency mounts,missing,P2,No Workshop integration,Implement authorized discovery mounting updates and missing dependency handling,Test scoped addon install update remove and recovery,feature_ledger
gma_archives,gma,Content,GMA parsing metadata and mount behavior,missing,P2,Base VPK and loose file mounts only,Implement safe archive parsing ordering validation and metadata,Test valid corrupt conflicting and traversal archives,feature_ledger
mount_precedence,mounts,Content,Mounted games addons overrides and refresh,partial,P1,Fixed local content roots,Match search-path precedence mounted game selection and refresh,Resolve deliberate duplicate virtual paths against reference,source_assets
inventory_coverage,inventory,Content,Complete mounted content and provenance inventory,partial,P2,Base loose and VPK metadata snapshots,Add scoped addon GMA BSP-pak and external mount manifests,Reconcile counts and provenance with pinned installation,feature_ledger
content_authoring,content_pipeline,Authoring,Spreadsheet schema completeness and portable generation,partial,P1,Typed gameplay CSV generation,Extend authored specs without claiming text descriptions execute behavior,Fresh clone validates generates and rebuilds all runtime sheets,feature_ledger
gamemode_loading,gamemodes,Game modes,Base sandbox TTT inheritance and lifecycle,missing,P2,Independent sandbox approximation,Implement stock gamemode registrations inheritance callbacks and rules,Run separate acceptance suites per stock gamemode,feature_ledger
addon_modes,community_modes,Compatibility,Third-party modes and addon API coverage,missing,P3,No addon execution,Create explicit per-addon scope license dependencies and conformance records,Each supported addon passes its own declared suite,feature_ledger
native_modules,binary_modules,Compatibility,Native module ABI policy,missing,P3,No native GMod module loader,Define supported or rejected ABIs and safe loading policy,Unsupported modules fail safely without process corruption,feature_ledger
security_addons,addon_security,Security,Untrusted script filesystem network and resource boundaries,missing,P1,No addon runtime yet,Design capabilities path isolation quotas and malicious-input tests,Adversarial corpus cannot escape declared boundaries,feature_ledger
security_assets,addon_security,Security,Malformed assets archives saves and resource exhaustion,partial,P1,Some bounded parsers and validation,Audit dependency panics decompression bombs nesting size limits and file handling,Run malformed and oversized corpus without unsafe writes or crashes,feature_ledger
console_registry,console,Configuration,Commands convars flags defaults and persistence,missing,P1,Small custom settings struct,Enumerate stock commands and convars including native registrations,Compare names defaults flags permissions changes and persistence,feature_ledger
achievements_rules,achievements,Platform,Achievement triggers and persistence,missing,P3,No achievement runtime,Inventory stock triggers and authorized platform persistence,Compare documented trigger scenarios and reload behavior,feature_ledger
replays_diagnostics,demos,Diagnostics,Demos recording playback screenshots and debug tools,partial,P2,Automated screenshots only,Implement scoped demo compatibility recording timing playback and debug interfaces,Replay reference recordings with documented divergence,feature_ledger
performance_budgets,performance,Quality,Frame time physics memory loading and scale,unverified,P1,No repeatable performance characterization,Benchmark pinned scenes 100 and 500 props and long sessions,Publish repeated median slow-tail memory and load measurements,feature_ledger
reference_capture,parity_harness,Acceptance,Pinned original-game reference corpus,missing,P0,No direct GMod comparative harness,Pin build settings map assets camera inputs and timing for every claimed feature,Each parity claim links original and Rust artifacts with tolerances,feature_ledger
reference_options,parity_harness,Acceptance,Exhaustive option and state enumeration,missing,P0,High-level stock catalogs and lexical UI references,Expand every stock widget tool option convar weapon and entity into state cases,Publish coverage denominators and unresolved discovery items,feature_ledger
launch_portability,performance,Packaging,Fresh-clone launch diagnostics and portability,partial,P1,Machine-specific defaults and delayed launch feedback,Document prerequisites configurable paths and reliable visible launch checks,Fresh checkout launches or produces actionable failure within a bounded time,user_report_and_readme
constraint_graph,constraints,Constraints,Joint graph anchors breaking and exclusions,missing,P1,No stock constraint system,Implement per-body anchors limits collision exclusions breakage and serialization,Compare constrained machines and break-force fixtures,feature_ledger
tool_stages,toolgun,Toolgun,Click reload stages previews and options,partial,P1,Three simplified immediate actions,Implement stock tool dispatch staged selection ghost previews cancellation and settings,Compare every tool primary secondary reload and cancel path,source_play
axis_tool,tool_axis,Tools,Axis hinge,missing,P1,No stock axis tool,Implement anchors friction force limits nocollide and panel defaults,Compare hinge freedom limits breaking and undo,tools_catalog
balloon_tool,tool_balloon,Tools,Balloon,missing,P2,No stock balloon tool,Implement lift color model optional rope and settings,Compare lift attachment removal and duplication,tools_catalog
ballsocket_tool,tool_ballsocket,Tools,Ball socket,missing,P1,No stock ball socket tool,Implement anchors limits friction force and panel options,Compare free rotation constrained position and breaking,tools_catalog
button_tool,tool_button,Tools,Button,missing,P2,No stock button tool,Implement model key bindings toggle use and panel settings,Compare momentary and toggle behavior with connected devices,tools_catalog
camera_tool,tool_camera,Tools,Camera,missing,P2,No stock camera tool,Implement camera spawning locking view activation and keys,Compare activation placement tracking and undo,tools_catalog
colour_tool,tool_colour,Tools,Colour,missing,P1,No stock colour tool,Implement RGBA render modes effects sample reset and panel,Compare each click mode and persistence,tools_catalog
creator_tool,tool_creator,Tools,Internal creator dispatch,missing,P2,Custom model spawning only,Audit internal creation routing and implement supported stock types,Compare type routing permission denial and limits,tools_catalog
duplicator_tool,tool_duplicator,Tools,Duplicator,partial,P1,Single-prop copy only,Implement assemblies modifiers area selection previews and panel options,Copy paste and undo a constrained mixed-entity machine,tools_catalog
dynamite_tool,tool_dynamite,Tools,Dynamite,missing,P2,No stock dynamite tool,Implement damage delay key toggle model and removal settings,Compare timing blast attribution and cleanup,tools_catalog
editentity_tool,tool_editentity,Tools,Entity editor,missing,P2,No stock entity editor,Expose validated networked editable properties with stock panel,Compare property ranges types permissions and persistence,tools_catalog
elastic_tool,tool_elastic,Tools,Elastic,missing,P1,No stock elastic tool,Implement spring damping stretch-only mode anchors and materials,Compare oscillation stretch and breaking fixtures,tools_catalog
example_tool,tool_example,Tools,Installed example entry,reference_only,P3,Reference catalog only,Inspect example callbacks without treating it as a promised player-facing tool,Record reference purpose and callback coverage,tools_catalog
eyeposer_tool,tool_eyeposer,Tools,Eye poser,missing,P2,No stock eye poser,Implement eye target and strabismus controls,Compare compatible model eye targets and reset,tools_catalog
faceposer_tool,tool_faceposer,Tools,Face poser,missing,P2,No stock face poser,Implement flex sliders presets expression scale and reset,Compare facial poses and save-load behavior,tools_catalog
finger_tool,tool_finger,Tools,Finger poser,missing,P2,No stock finger poser,Implement independent hand and finger bone controls and presets,Compare both hands reset and persistence,tools_catalog
hoverball_tool,tool_hoverball,Tools,Hoverball,missing,P2,No stock hoverball tool,Implement target altitude strength speed resistance and keys,Compare altitude hold rise fall and disabled behavior,tools_catalog
hydraulic_tool,tool_hydraulic,Tools,Hydraulic,missing,P2,No stock hydraulic tool,Implement target length speed toggle anchors and panel options,Compare controlled extension contraction and limits,tools_catalog
inflator_tool,tool_inflator,Tools,Inflator,missing,P2,No stock inflator,Implement selected bone scaling click modes and reset,Compare ragdoll bone scale without corrupting other bones,tools_catalog
lamp_tool,tool_lamp,Tools,Lamp,missing,P1,No stock lamp tool,Implement projected texture FOV distance color brightness and keys,Compare stock lamp panel and projection appearance,tools_catalog
leafblower_tool,tool_leafblower,Tools,Legacy leafblower entry,reference_only,P3,Behavior not verified,Inspect installed callbacks and determine intended availability,Document observed behavior before assigning implementation requirements,tools_catalog
light_tool,tool_light,Tools,Light,missing,P1,No stock light tool,Implement point light size brightness color key toggle and rope options,Compare light appearance attachment and key behavior,tools_catalog
material_tool,tool_material,Tools,Material,missing,P1,No stock material tool,Implement stock material selection apply sample reset and permissions,Compare overrides and reset on skinned props,tools_catalog
motor_tool,tool_motor,Tools,Motor,missing,P2,No stock motor tool,Implement rotational joint torque friction keys and toggle,Compare powered rotation braking and reverse,tools_catalog
muscle_tool,tool_muscle,Tools,Muscle,missing,P2,No stock muscle tool,Implement oscillating length period amplitude and control settings,Compare cycles and enabled-disabled transitions,tools_catalog
nocollide_tool,tool_nocollide,Tools,No collide,missing,P1,No stock no-collide tool,Implement pair selection exclusions restore and tool variants,Compare selected pairs without disabling unrelated collisions,tools_catalog
paint_tool,tool_paint,Tools,Paint,missing,P2,No stock paint tool,Implement decal selection tracing orientation and panel options,Compare decals on angled and overlapping surfaces,tools_catalog
physprop_tool,tool_physprop,Tools,Physical properties,missing,P1,Generic prop physics,Implement gravity participation physical material and stock controls,Compare selected body gravity friction and sound behavior,tools_catalog
pulley_tool,tool_pulley,Tools,Pulley,missing,P2,No stock pulley tool,Implement pulley anchors ratios rigidity force and visual rope settings,Compare linked travel and force limits,tools_catalog
remover_tool,tool_remover,Tools,Remover,partial,P1,Single-prop removal and snapshot undo,Implement stock group reload variants eligibility and permissions,Compare all click modes and grouped undo,tools_catalog
rope_tool,tool_rope,Tools,Rope,missing,P1,No stock rope tool,Implement slack length width material force rigidity and anchors,Compare slack taut breaking visuals and duplication,tools_catalog
slider_tool,tool_slider,Tools,Slider,missing,P1,No stock slider tool,Implement linear axis anchors travel and visual settings,Compare constrained translation and force limits,tools_catalog
thruster_tool,tool_thruster,Tools,Thruster,missing,P2,No stock thruster tool,Implement force model keys reverse toggle effects sounds and water rules,Compare force and audiovisual behavior under each mode,tools_catalog
trails_tool,tool_trails,Tools,Trails,missing,P2,No stock trails tool,Implement material color start-end width lifetime and reset,Compare moving trail shape fade and persistence,tools_catalog
weld_tool,tool_weld,Tools,Weld,missing,P1,No stock weld tool,Implement fixed transform anchors force nocollide and easy-weld behavior,Compare weld placement breaking and constrained duplication,tools_catalog
wheel_tool,tool_wheel,Tools,Wheel,missing,P2,No stock wheel tool,Implement model alignment torque friction keys and joint settings,Compare a driven wheeled reference fixture,tools_catalog
winch_tool,tool_winch,Tools,Winch,missing,P2,No stock winch tool,Implement rope length extension contraction keys speeds and visuals,Compare independent controls and travel limits,tools_catalog
emitter_tool,tool_emitter,Tools,Emitter,missing,P2,No stock emitter tool,Implement effect selection delay scale key toggle and start-on settings,Compare emission timing attachment and cleanup,tools_catalog
