id,revision,title,change,steps,expected,limits,status
feedback_spaces,20260930-1,Feedback spaces and search typing,Spacebar is now handled as a named Bevy key in feedback and both search fields,Press F8. Type two words with one space in every field. Try repeated spaces then Backspace and Enter. Close and reopen the editor,Spaces and line breaks remain in the draft without jumping braking firing or opening Q,Append and backspace editing only. Clipboard selection cursor editing and IME remain unfinished,needs_check
release_checklist,20260930-1,Your in-game release checklist,F7 opens this sheet-authored guide from gameplay or menus. Personal checks save locally,Mark this item checked then close with F7. Reopen and confirm the check. Try Report an issue then return with F8,The checklist returns to the previous screen and retains personal checkmarks after restart,Checkmarks are reminders only and never change the project acceptance sheets. Existing feedback drafts keep their original context until explicitly retargeted,needs_check
npc_actors,20260930-1,Six prototype NPC registrations,Added Zombie and Zombie Torso plus Combine Soldier Elite Prison Guard and Odessa typed actors,Open Q then NPCs. Choose one of the six enabled entries and aim at a clear floor. Try an unsupported NPC too,Enabled entries request original animated actors. Unsupported entries remain visibly pending. Missing required animation data produces a visible error instead of a fake static NPC,79 NPC registrations remain disabled. Actual animation decoding and visual alignment need your checks,partial
npc_behavior,20260930-1,NPC pursuit damage and AI controls,Prototype direct pursuit with line-of-sight and opposing factions plus Disable AI and Ignore Players switches,Spawn a zombie and a soldier on open floor. Observe pursuit and attack. Put a wall between targets. Toggle Disable AI and Ignore Players in the NPC browser,AI switches change behavior. Walls block attack rays. Ignore Players still permits opposing NPC fights,No native navigation schedules squads hearing or equipment models. Damage and timing are prototype tuning,partial
npc_lifecycle,20260930-1,NPC health saves and removal,NPC identity and health use version 4 scenes with guarded undo and unsupported-tool rejection,Damage an NPC with an enabled weapon. Save then remove it with the remover tool. Undo and load the saved scene,Health and NPC identity survive scene restoration. Unsupported tools explain why they cannot modify a live actor,Dead NPCs disappear rather than becoming native ragdolls. Native save files and corpse settings are unsupported,partial
player_life,20260930-1,Local player health and respawn,Hostile NPC damage now lowers HUD health and can trigger a delayed respawn,Let a hostile NPC attack. Watch health reach zero. Wait three seconds with the game unpaused,Movement and weapon use stop while dead. Respawn returns to the initial clear spawn point. A blocked point reports a recovery message,No native armor fall damage crush damage teams or complete inventory reset. Pause freezes the respawn timer,partial
nocollide,20260930-1,Player collision and NoCollide,Player movement and vehicle exit queries now honor player collision masks,Select NoCollide. Right-click a prop then walk through it. Toggle it back. Separately try a left-click pair constraint,Right-click world-only props remain supported by the world but stop blocking the player. Left-click pair constraints affect only that prop pair,Player pass-through is not the behavior of a pair-only constraint. Runtime collision acceptance is still needed,needs_check
weapons,20260929-1,Click to equip weapons,13 weapon routes include physgun toolgun and 11 primary-attack prototypes,Open Q then Weapons and click an enabled item. Release the menu click then press fire while aiming safely at a prop or hostile NPC,The item equips without an extra spawn step and subsequent clicks use its implemented primary action,21 weapons remain disabled. Native secondary attacks sounds and complete animation or ammo behavior remain incomplete,partial
vehicles,20260929-1,Vehicle axes and seating,15 vehicle definitions use researched attachment frames with four powered prototypes and eleven passive seats,Spawn Airboat Jeep Jalopy or APC on a clear suitable area. Enter with E. Try WASD and Space then exit with E. Inspect the facing direction,Powered prototypes move along their intended forward axis and seats keep the camera aligned. Exit rejects blocked hull positions,Passive seats do not drive. Native handling watercraft physics exact poses and entry cinematics remain unfinished,partial
model_categories,20260929-1,Stock model categories,Added 8390 memberships from 43 original spawn lists,Open Q model browsing and choose different categories. Search within a category then clear the search,The model list follows category membership and search rather than one uncategorized dump,Only mounted supported models are usable. Full native spawn-browser layout and addon categories are incomplete,needs_check
water,20260929-1,Water material revision,Original normal-map and transmission parameters now inform the water surface,Visit water in gm_construct. Walk around the edge and compare above-water views at several angles,Look for stable surface appearance and report flicker wrong normals color or incorrect water collisions,Planar reflections underwater optics animated texture frames and native water simulation remain incomplete,partial
movement,20260929-1,Ground movement drift repair,Ground friction acceleration and collision-resolved velocity were revised against Source behavior,On clear ground accelerate then release keys. Reverse direction. Try stairs slopes and a jump without holding other controls,Check stopping and turning for unwanted sliding and report the exact map location and movement keys,Native bunnyhop timing surfing crouching ladders water and moving-platform parity are not established,partial
remaining_scope,20260930-1,Still-open systems are not hidden,The sheets retain missing and partial native features instead of treating a successful build as a finished game,Use pending menu entries to inspect limitations. Report the next highest-priority missing behavior with F8,Missing functions should be labeled honestly and should not silently claim to work,Networking Lua Workshop full menus options native vehicles 79 NPC types and many specialized entities remain open,missing
