"id","kind","model","faction","health","speed","range","damage","interval","sight","height","radius","forward_yaw","idle","walk","attack","scope","remaining"
"npc_npc_crow","disabled","","neutral","0","0","0","0","1","30","1","0.3","0","","","","Reference-only; no substitute actor","Native schedules navigation hitgroups equipment sounds ragdolls and class-specific actions; gameplay acceptance"
"npc_npc_monk","disabled","","neutral","0","0","0","0","1","30","1","0.3","0","","","","Reference-only; no substitute actor","Native schedules navigation hitgroups equipment sounds ragdolls and class-specific actions; gameplay acceptance"
"npc_npc_pigeon","disabled","","neutral","0","0","0","0","1","30","1","0.3","0","","","","Reference-only; no substitute actor","Native schedules navigation hitgroups equipment sounds ragdolls and class-specific actions; gameplay acceptance"
"npc_npc_seagull","disabled","","neutral","0","0","0","0","1","30","1","0.3","0","","","","Reference-only; no substitute actor","Native schedules navigation hitgroups equipment sounds ragdolls and class-specific actions; gameplay acceptance"
"npc_npc_combine_camera","disabled","","neutral","0","0","0","0","1","30","1","0.3","0","","","","Reference-only; no substitute actor","Native schedules navigation hitgroups equipment sounds ragdolls and class-specific actions; gameplay acceptance"
"npc_npc_turret_ceiling","disabled","","neutral","0","0","0","0","1","30","1","0.3","0","","","","Reference-only; no substitute actor","Native schedules navigation hitgroups equipment sounds ragdolls and class-specific actions; gameplay acceptance"
"npc_npc_cscanner","disabled","","neutral","0","0","0","0","1","30","1","0.3","0","","","","Reference-only; no substitute actor","Native schedules navigation hitgroups equipment sounds ragdolls and class-specific actions; gameplay acceptance"
"npc_npc_combinedropship","disabled","","neutral","0","0","0","0","1","30","1","0.3","0","","","","Reference-only; no substitute actor","Native schedules navigation hitgroups equipment sounds ragdolls and class-specific actions; gameplay acceptance"
"npc_combineelite","ranged","models/combine_super_soldier.mdl","combine","70","2.2","16","8","0.6","30","1.37","0.3","0","models/combine_soldier_anims.mdl::@CombatIdle1","models/combine_soldier_anims.mdl::a_WalkN","models/combine_soldier_anims.mdl::@shootAR2s","Typed ground actor with candidate original clips and explicitly prototype combat tuning","Native schedules navigation hitgroups equipment sounds ragdolls and class-specific actions; gameplay acceptance"
"npc_npc_combinegunship","disabled","","neutral","0","0","0","0","1","30","1","0.3","0","","","","Reference-only; no substitute actor","Native schedules navigation hitgroups equipment sounds ragdolls and class-specific actions; gameplay acceptance"
"npc_npc_combine_s","ranged","models/combine_soldier.mdl","combine","50","2.2","12","4","0.4","30","1.37","0.3","0","models/combine_soldier_anims.mdl::@CombatIdle1","models/combine_soldier_anims.mdl::a_WalkN","models/combine_soldier_anims.mdl::@shootAR2s","Typed ground actor with candidate original clips and explicitly prototype combat tuning","Native schedules navigation hitgroups equipment sounds ragdolls and class-specific actions; gameplay acceptance"
"npc_npc_turret_floor","disabled","","neutral","0","0","0","0","1","30","1","0.3","0","","","","Reference-only; no substitute actor","Native schedules navigation hitgroups equipment sounds ragdolls and class-specific actions; gameplay acceptance"
"npc_npc_citizen_rebel_enemy","disabled","","neutral","0","0","0","0","1","30","1","0.3","0","","","","Reference-only; no substitute actor","Native schedules navigation hitgroups equipment sounds ragdolls and class-specific actions; gameplay acceptance"
"npc_npc_rollermine_friendly","disabled","","neutral","0","0","0","0","1","30","1","0.3","0","","","","Reference-only; no substitute actor","Native schedules navigation hitgroups equipment sounds ragdolls and class-specific actions; gameplay acceptance"
"npc_npc_hunter","disabled","","neutral","0","0","0","0","1","30","1","0.3","0","","","","Reference-only; no substitute actor","Native schedules navigation hitgroups equipment sounds ragdolls and class-specific actions; gameplay acceptance"
"npc_npc_helicopter","disabled","","neutral","0","0","0","0","1","30","1","0.3","0","","","","Reference-only; no substitute actor","Native schedules navigation hitgroups equipment sounds ragdolls and class-specific actions; gameplay acceptance"
"npc_npc_manhack","disabled","","neutral","0","0","0","0","1","30","1","0.3","0","","","","Reference-only; no substitute actor","Native schedules navigation hitgroups equipment sounds ragdolls and class-specific actions; gameplay acceptance"
"npc_npc_metropolice","disabled","","neutral","0","0","0","0","1","30","1","0.3","0","","","","Reference-only; no substitute actor","Native schedules navigation hitgroups equipment sounds ragdolls and class-specific actions; gameplay acceptance"
"npc_combineprison","ranged","models/combine_soldier_prisonguard.mdl","combine","50","2.2","12","4","0.4","30","1.37","0.3","0","models/combine_soldier_anims.mdl::@CombatIdle1","models/combine_soldier_anims.mdl::a_WalkN","models/combine_soldier_anims.mdl::@shootAR2s","Typed ground actor with candidate original clips and explicitly prototype combat tuning","Native schedules navigation hitgroups equipment sounds ragdolls and class-specific actions; gameplay acceptance"
"npc_prisonshotgunner","disabled","models/combine_soldier_prisonguard.mdl","neutral","0","0","0","0","1","30","1","0.3","0","","","","Reference-only; no substitute actor","Native schedules navigation hitgroups equipment sounds ragdolls and class-specific actions; gameplay acceptance"
"npc_npc_rollermine","disabled","","neutral","0","0","0","0","1","30","1","0.3","0","","","","Reference-only; no substitute actor","Native schedules navigation hitgroups equipment sounds ragdolls and class-specific actions; gameplay acceptance"
"npc_npc_clawscanner","disabled","","neutral","0","0","0","0","1","30","1","0.3","0","","","","Reference-only; no substitute actor","Native schedules navigation hitgroups equipment sounds ragdolls and class-specific actions; gameplay acceptance"
"npc_shotgunsoldier","disabled","models/combine_soldier.mdl","neutral","0","0","0","0","1","30","1","0.3","0","","","","Reference-only; no substitute actor","Native schedules navigation hitgroups equipment sounds ragdolls and class-specific actions; gameplay acceptance"
"npc_npc_stalker","disabled","","neutral","0","0","0","0","1","30","1","0.3","0","","","","Reference-only; no substitute actor","Native schedules navigation hitgroups equipment sounds ragdolls and class-specific actions; gameplay acceptance"
"npc_npc_strider","disabled","","neutral","0","0","0","0","1","30","1","0.3","0","","","","Reference-only; no substitute actor","Native schedules navigation hitgroups equipment sounds ragdolls and class-specific actions; gameplay acceptance"
"npc_monster_alien_controller","disabled","","neutral","0","0","0","0","1","30","1","0.3","0","","","","Reference-only; no substitute actor","Native schedules navigation hitgroups equipment sounds ragdolls and class-specific actions; gameplay acceptance"
"npc_monster_alien_grunt","disabled","","neutral","0","0","0","0","1","30","1","0.3","0","","","","Reference-only; no substitute actor","Native schedules navigation hitgroups equipment sounds ragdolls and class-specific actions; gameplay acceptance"
"npc_monster_babycrab","disabled","","neutral","0","0","0","0","1","30","1","0.3","0","","","","Reference-only; no substitute actor","Native schedules navigation hitgroups equipment sounds ragdolls and class-specific actions; gameplay acceptance"
"npc_monster_human_assassin","disabled","","neutral","0","0","0","0","1","30","1","0.3","0","","","","Reference-only; no substitute actor","Native schedules navigation hitgroups equipment sounds ragdolls and class-specific actions; gameplay acceptance"
"npc_monster_bullchicken","disabled","","neutral","0","0","0","0","1","30","1","0.3","0","","","","Reference-only; no substitute actor","Native schedules navigation hitgroups equipment sounds ragdolls and class-specific actions; gameplay acceptance"
"npc_monster_headcrab","disabled","","neutral","0","0","0","0","1","30","1","0.3","0","","","","Reference-only; no substitute actor","Native schedules navigation hitgroups equipment sounds ragdolls and class-specific actions; gameplay acceptance"
"npc_monster_alien_slave","disabled","","neutral","0","0","0","0","1","30","1","0.3","0","","","","Reference-only; no substitute actor","Native schedules navigation hitgroups equipment sounds ragdolls and class-specific actions; gameplay acceptance"
"npc_monster_zombie","disabled","","neutral","0","0","0","0","1","30","1","0.3","0","","","","Reference-only; no substitute actor","Native schedules navigation hitgroups equipment sounds ragdolls and class-specific actions; gameplay acceptance"
"npc_monster_cockroach","disabled","","neutral","0","0","0","0","1","30","1","0.3","0","","","","Reference-only; no substitute actor","Native schedules navigation hitgroups equipment sounds ragdolls and class-specific actions; gameplay acceptance"
"npc_monster_gargantua","disabled","","neutral","0","0","0","0","1","30","1","0.3","0","","","","Reference-only; no substitute actor","Native schedules navigation hitgroups equipment sounds ragdolls and class-specific actions; gameplay acceptance"
"npc_monster_bigmomma","disabled","","neutral","0","0","0","0","1","30","1","0.3","0","","","","Reference-only; no substitute actor","Native schedules navigation hitgroups equipment sounds ragdolls and class-specific actions; gameplay acceptance"
"npc_monster_human_grunt","disabled","","neutral","0","0","0","0","1","30","1","0.3","0","","","","Reference-only; no substitute actor","Native schedules navigation hitgroups equipment sounds ragdolls and class-specific actions; gameplay acceptance"
"npc_monster_turret","disabled","","neutral","0","0","0","0","1","30","1","0.3","0","","","","Reference-only; no substitute actor","Native schedules navigation hitgroups equipment sounds ragdolls and class-specific actions; gameplay acceptance"
"npc_monster_houndeye","disabled","","neutral","0","0","0","0","1","30","1","0.3","0","","","","Reference-only; no substitute actor","Native schedules navigation hitgroups equipment sounds ragdolls and class-specific actions; gameplay acceptance"
"npc_monster_miniturret","disabled","","neutral","0","0","0","0","1","30","1","0.3","0","","","","Reference-only; no substitute actor","Native schedules navigation hitgroups equipment sounds ragdolls and class-specific actions; gameplay acceptance"
"npc_monster_nihilanth","disabled","","neutral","0","0","0","0","1","30","1","0.3","0","","","","Reference-only; no substitute actor","Native schedules navigation hitgroups equipment sounds ragdolls and class-specific actions; gameplay acceptance"
"npc_monster_scientist","disabled","","neutral","0","0","0","0","1","30","1","0.3","0","","","","Reference-only; no substitute actor","Native schedules navigation hitgroups equipment sounds ragdolls and class-specific actions; gameplay acceptance"
"npc_monster_barney","disabled","","neutral","0","0","0","0","1","30","1","0.3","0","","","","Reference-only; no substitute actor","Native schedules navigation hitgroups equipment sounds ragdolls and class-specific actions; gameplay acceptance"
"npc_monster_sentry","disabled","","neutral","0","0","0","0","1","30","1","0.3","0","","","","Reference-only; no substitute actor","Native schedules navigation hitgroups equipment sounds ragdolls and class-specific actions; gameplay acceptance"
"npc_monster_snark","disabled","","neutral","0","0","0","0","1","30","1","0.3","0","","","","Reference-only; no substitute actor","Native schedules navigation hitgroups equipment sounds ragdolls and class-specific actions; gameplay acceptance"
"npc_monster_tentacle","disabled","","neutral","0","0","0","0","1","30","1","0.3","0","","","","Reference-only; no substitute actor","Native schedules navigation hitgroups equipment sounds ragdolls and class-specific actions; gameplay acceptance"
"npc_npc_alyx","disabled","","neutral","0","0","0","0","1","30","1","0.3","0","","","","Reference-only; no substitute actor","Native schedules navigation hitgroups equipment sounds ragdolls and class-specific actions; gameplay acceptance"
"npc_npc_barney","disabled","","neutral","0","0","0","0","1","30","1","0.3","0","","","","Reference-only; no substitute actor","Native schedules navigation hitgroups equipment sounds ragdolls and class-specific actions; gameplay acceptance"
"npc_npc_citizen","disabled","","neutral","0","0","0","0","1","30","1","0.3","0","","","","Reference-only; no substitute actor","Native schedules navigation hitgroups equipment sounds ragdolls and class-specific actions; gameplay acceptance"
"npc_npc_dog","disabled","","neutral","0","0","0","0","1","30","1","0.3","0","","","","Reference-only; no substitute actor","Native schedules navigation hitgroups equipment sounds ragdolls and class-specific actions; gameplay acceptance"
"npc_npc_magnusson","disabled","","neutral","0","0","0","0","1","30","1","0.3","0","","","","Reference-only; no substitute actor","Native schedules navigation hitgroups equipment sounds ragdolls and class-specific actions; gameplay acceptance"
"npc_npc_kleiner","disabled","","neutral","0","0","0","0","1","30","1","0.3","0","","","","Reference-only; no substitute actor","Native schedules navigation hitgroups equipment sounds ragdolls and class-specific actions; gameplay acceptance"
"npc_npc_mossman","disabled","","neutral","0","0","0","0","1","30","1","0.3","0","","","","Reference-only; no substitute actor","Native schedules navigation hitgroups equipment sounds ragdolls and class-specific actions; gameplay acceptance"
"npc_npc_eli","disabled","","neutral","0","0","0","0","1","30","1","0.3","0","","","","Reference-only; no substitute actor","Native schedules navigation hitgroups equipment sounds ragdolls and class-specific actions; gameplay acceptance"
"npc_npc_fisherman","disabled","","neutral","0","0","0","0","1","30","1","0.3","0","","","","Reference-only; no substitute actor","Native schedules navigation hitgroups equipment sounds ragdolls and class-specific actions; gameplay acceptance"
"npc_npc_gman","disabled","","neutral","0","0","0","0","1","30","1","0.3","0","","","","Reference-only; no substitute actor","Native schedules navigation hitgroups equipment sounds ragdolls and class-specific actions; gameplay acceptance"
"npc_npc_manhack_hacked","disabled","","neutral","0","0","0","0","1","30","1","0.3","0","","","","Reference-only; no substitute actor","Native schedules navigation hitgroups equipment sounds ragdolls and class-specific actions; gameplay acceptance"
"npc_npc_rollermine_hacked","disabled","","neutral","0","0","0","0","1","30","1","0.3","0","","","","Reference-only; no substitute actor","Native schedules navigation hitgroups equipment sounds ragdolls and class-specific actions; gameplay acceptance"
"npc_npc_odessa","passive","models/odessa.mdl","resistance","100","1.2","1","0","1","30","1.37","0.3","0","models/humans/male_shared.mdl::@idle_subtle","models/humans/male_shared.mdl::a_WalkN","models/humans/male_shared.mdl::@idle_subtle","Typed ground actor with candidate original clips and explicitly prototype combat tuning","Native schedules navigation hitgroups equipment sounds ragdolls and class-specific actions; gameplay acceptance"
"npc_rebel","disabled","","neutral","0","0","0","0","1","30","1","0.3","0","","","","Reference-only; no substitute actor","Native schedules navigation hitgroups equipment sounds ragdolls and class-specific actions; gameplay acceptance"
"npc_medic","disabled","","neutral","0","0","0","0","1","30","1","0.3","0","","","","Reference-only; no substitute actor","Native schedules navigation hitgroups equipment sounds ragdolls and class-specific actions; gameplay acceptance"
"npc_refugee","disabled","","neutral","0","0","0","0","1","30","1","0.3","0","","","","Reference-only; no substitute actor","Native schedules navigation hitgroups equipment sounds ragdolls and class-specific actions; gameplay acceptance"
"npc_npc_turret_floor_resistance","disabled","","neutral","0","0","0","0","1","30","1","0.3","0","","","","Reference-only; no substitute actor","Native schedules navigation hitgroups equipment sounds ragdolls and class-specific actions; gameplay acceptance"
"npc_vortigaunturiah","disabled","models/vortigaunt_doctor.mdl","neutral","0","0","0","0","1","30","1","0.3","0","","","","Reference-only; no substitute actor","Native schedules navigation hitgroups equipment sounds ragdolls and class-specific actions; gameplay acceptance"
"npc_npc_vortigaunt","disabled","","neutral","0","0","0","0","1","30","1","0.3","0","","","","Reference-only; no substitute actor","Native schedules navigation hitgroups equipment sounds ragdolls and class-specific actions; gameplay acceptance"
"npc_vortigauntslave","disabled","models/vortigaunt_slave.mdl","neutral","0","0","0","0","1","30","1","0.3","0","","","","Reference-only; no substitute actor","Native schedules navigation hitgroups equipment sounds ragdolls and class-specific actions; gameplay acceptance"
"npc_npc_breen","disabled","","neutral","0","0","0","0","1","30","1","0.3","0","","","","Reference-only; no substitute actor","Native schedules navigation hitgroups equipment sounds ragdolls and class-specific actions; gameplay acceptance"
"npc_npc_rocket_turret","disabled","","neutral","0","0","0","0","1","30","1","0.3","0","","","","Reference-only; no substitute actor","Native schedules navigation hitgroups equipment sounds ragdolls and class-specific actions; gameplay acceptance"
"npc_npc_security_camera","disabled","","neutral","0","0","0","0","1","30","1","0.3","0","","","","Reference-only; no substitute actor","Native schedules navigation hitgroups equipment sounds ragdolls and class-specific actions; gameplay acceptance"
"npc_npc_portal_turret_floor","disabled","","neutral","0","0","0","0","1","30","1","0.3","0","","","","Reference-only; no substitute actor","Native schedules navigation hitgroups equipment sounds ragdolls and class-specific actions; gameplay acceptance"
"npc_npc_antlion","disabled","","neutral","0","0","0","0","1","30","1","0.3","0","","","","Reference-only; no substitute actor","Native schedules navigation hitgroups equipment sounds ragdolls and class-specific actions; gameplay acceptance"
"npc_npc_antlion_grub","disabled","","neutral","0","0","0","0","1","30","1","0.3","0","","","","Reference-only; no substitute actor","Native schedules navigation hitgroups equipment sounds ragdolls and class-specific actions; gameplay acceptance"
"npc_npc_antlionguard","disabled","","neutral","0","0","0","0","1","30","1","0.3","0","","","","Reference-only; no substitute actor","Native schedules navigation hitgroups equipment sounds ragdolls and class-specific actions; gameplay acceptance"
"npc_npc_antlionguardian","disabled","","neutral","0","0","0","0","1","30","1","0.3","0","","","","Reference-only; no substitute actor","Native schedules navigation hitgroups equipment sounds ragdolls and class-specific actions; gameplay acceptance"
"npc_npc_antlion_worker","disabled","","neutral","0","0","0","0","1","30","1","0.3","0","","","","Reference-only; no substitute actor","Native schedules navigation hitgroups equipment sounds ragdolls and class-specific actions; gameplay acceptance"
"npc_npc_barnacle","disabled","","neutral","0","0","0","0","1","30","1","0.3","0","","","","Reference-only; no substitute actor","Native schedules navigation hitgroups equipment sounds ragdolls and class-specific actions; gameplay acceptance"
"npc_npc_headcrab_fast","disabled","","neutral","0","0","0","0","1","30","1","0.3","0","","","","Reference-only; no substitute actor","Native schedules navigation hitgroups equipment sounds ragdolls and class-specific actions; gameplay acceptance"
"npc_npc_fastzombie","disabled","","neutral","0","0","0","0","1","30","1","0.3","0","","","","Reference-only; no substitute actor","Native schedules navigation hitgroups equipment sounds ragdolls and class-specific actions; gameplay acceptance"
"npc_npc_fastzombie_torso","disabled","","neutral","0","0","0","0","1","30","1","0.3","0","","","","Reference-only; no substitute actor","Native schedules navigation hitgroups equipment sounds ragdolls and class-specific actions; gameplay acceptance"
"npc_npc_headcrab","disabled","","neutral","0","0","0","0","1","30","1","0.3","0","","","","Reference-only; no substitute actor","Native schedules navigation hitgroups equipment sounds ragdolls and class-specific actions; gameplay acceptance"
"npc_npc_headcrab_black","disabled","","neutral","0","0","0","0","1","30","1","0.3","0","","","","Reference-only; no substitute actor","Native schedules navigation hitgroups equipment sounds ragdolls and class-specific actions; gameplay acceptance"
"npc_npc_poisonzombie","disabled","","neutral","0","0","0","0","1","30","1","0.3","0","","","","Reference-only; no substitute actor","Native schedules navigation hitgroups equipment sounds ragdolls and class-specific actions; gameplay acceptance"
"npc_npc_zombie","melee","models/zombie/classic.mdl","zombie","100","0.8","1.1","10","1.2","30","1.37","0.3","0","@Idle01","a_walk1","@attackA","Typed ground actor with candidate original clips and explicitly prototype combat tuning","Native schedules navigation hitgroups equipment sounds ragdolls and class-specific actions; gameplay acceptance"
"npc_npc_zombie_torso","melee","models/zombie/classic_torso.mdl","zombie","50","0.35","0.8","10","1.4","30","0.65","0.25","0","@Idle01","@crawl","@attack","Typed ground actor with candidate original clips and explicitly prototype combat tuning","Native schedules navigation hitgroups equipment sounds ragdolls and class-specific actions; gameplay acceptance"
"npc_npc_zombine","disabled","","neutral","0","0","0","0","1","30","1","0.3","0","","","","Reference-only; no substitute actor","Native schedules navigation hitgroups equipment sounds ragdolls and class-specific actions; gameplay acceptance"
