"source","sha256","role","extracted_rows","limitation"
"gamemodes/sandbox/entities/entities/base_edit.lua","dc18fcb5c949e6daa20cdd03801e70dffd171112f5e8d26e7e1ca6bd37380068","Scripted entity or weapon literal registration fields; inheritance not executed","1","Literal metadata only; no Lua execution or native behavior verification"
"gamemodes/sandbox/entities/entities/base_gmodentity.lua","a52d8c09606e519dc7cfa2f932fbf8c444623fc9377256f8765687ef81efde15","Scripted entity or weapon literal registration fields; inheritance not executed","1","Literal metadata only; no Lua execution or native behavior verification"
"gamemodes/sandbox/entities/entities/edit_fog.lua","6f1b0be36543f9643a230742482e1e5f7f3f9710896faad336a5a94e3e274eb7","Scripted entity or weapon literal registration fields; inheritance not executed","1","Literal metadata only; no Lua execution or native behavior verification"
"gamemodes/sandbox/entities/entities/edit_sky.lua","6df491bb2d4c4637a7124f3fd792df34064e62ea1981618fda3d54133f4c45eb","Scripted entity or weapon literal registration fields; inheritance not executed","1","Literal metadata only; no Lua execution or native behavior verification"
"gamemodes/sandbox/entities/entities/edit_sun.lua","a3d7b1e0677fedaa22183a501bf00e12e61aa1d54a8bb32e8f2870647e4e20ab","Scripted entity or weapon literal registration fields; inheritance not executed","1","Literal metadata only; no Lua execution or native behavior verification"
"gamemodes/sandbox/entities/entities/gmod_anchor.lua","7eb3ba8d223a683f75436800d4cdcca53da6f731dc17ca4841de91b32790b805","Scripted entity or weapon literal registration fields; inheritance not executed","1","Literal metadata only; no Lua execution or native behavior verification"
"gamemodes/sandbox/entities/entities/gmod_balloon.lua","cb694762632f0ff0aab8b6128b95edb151e4319b7faa72e0579b6d113f7084b8","Scripted entity or weapon literal registration fields; inheritance not executed","1","Literal metadata only; no Lua execution or native behavior verification"
"gamemodes/sandbox/entities/entities/gmod_button.lua","291e1f577552239f303212d1d30581d70f0c7bcb017dc86058937bc0ff8b3aec","Scripted entity or weapon literal registration fields; inheritance not executed","1","Literal metadata only; no Lua execution or native behavior verification"
"gamemodes/sandbox/entities/entities/gmod_cameraprop.lua","a65e24fb9bc68d4fdd9eb73274d06e5f794d6fffa4992a58462d191d81566254","Scripted entity or weapon literal registration fields; inheritance not executed","1","Literal metadata only; no Lua execution or native behavior verification"
"gamemodes/sandbox/entities/entities/gmod_dynamite.lua","41af8a2a7932b501b0047898a45f235d7d1138f38312b005284d6fcb18273d72","Scripted entity or weapon literal registration fields; inheritance not executed","1","Literal metadata only; no Lua execution or native behavior verification"
"gamemodes/sandbox/entities/entities/gmod_emitter.lua","d6322fdb97307cef98af90138b660b2369e847c1763f15a509c7469e0f80cb54","Scripted entity or weapon literal registration fields; inheritance not executed","1","Literal metadata only; no Lua execution or native behavior verification"
"gamemodes/sandbox/entities/entities/gmod_ghost.lua","5529644ee33236fb0ad42705d33304a1c2d9f6b4fe04fbfec07da34a6ef482f8","Scripted entity or weapon literal registration fields; inheritance not executed","1","Literal metadata only; no Lua execution or native behavior verification"
"gamemodes/sandbox/entities/entities/gmod_hoverball.lua","c86a10732b5f1f9794f298521da9b55c5508707677fd82a9c560907bf118c27c","Scripted entity or weapon literal registration fields; inheritance not executed","1","Literal metadata only; no Lua execution or native behavior verification"
"gamemodes/sandbox/entities/entities/gmod_lamp.lua","4f7355609f1beb22c04d1e92d32d5408362a926404d1925bd68aeef20b6ccff3","Scripted entity or weapon literal registration fields; inheritance not executed","1","Literal metadata only; no Lua execution or native behavior verification"
"gamemodes/sandbox/entities/entities/gmod_light.lua","3d43aaa5a9a76d9de51df183a4008aae6baa3fb4b6a3ee7945107f57ad6f02fe","Scripted entity or weapon literal registration fields; inheritance not executed","1","Literal metadata only; no Lua execution or native behavior verification"
"gamemodes/sandbox/entities/entities/gmod_thruster.lua","aedef25a14759491019f46012b94befca246fbfb58d994ee67df646912d097b4","Scripted entity or weapon literal registration fields; inheritance not executed","1","Literal metadata only; no Lua execution or native behavior verification"
"gamemodes/sandbox/entities/entities/gmod_wheel.lua","181995c1b473af2e9d9c8a869db02531095604a332b8107d284fed04fb80d971","Scripted entity or weapon literal registration fields; inheritance not executed","1","Literal metadata only; no Lua execution or native behavior verification"
"gamemodes/sandbox/entities/entities/gmod_winch_controller.lua","e3ee7da74ff9ef9bf78a0e538394f211a15541fec118b5e299ecc9d54872c44d","Scripted entity or weapon literal registration fields; inheritance not executed","1","Literal metadata only; no Lua execution or native behavior verification"
"gamemodes/sandbox/entities/entities/nb_example.lua","a580b82f4d4bc846b2b1edb79fc422840ddb3dde533ff9d5b48f1e442c0a171f","Scripted entity or weapon literal registration fields; inheritance not executed","1","Literal metadata only; no Lua execution or native behavior verification"
"gamemodes/sandbox/entities/weapons/gmod_camera.lua","856b17f66f423cfba232508db66de71714ba9a23b0b709f105c7faa0fcb9a07d","Scripted entity or weapon literal registration fields; inheritance not executed","1","Literal metadata only; no Lua execution or native behavior verification"
"gamemodes/sandbox/entities/weapons/gmod_tool/shared.lua","bdd3127030c651127a02f7e208ee0b953a7a374eba10acbcc8b6522ef47da1c3","Scripted entity or weapon literal registration fields; inheritance not executed","1","Literal metadata only; no Lua execution or native behavior verification"
"gamemodes/sandbox/entities/weapons/manhack_welder.lua","849290e604b87545078c7c9f753863f7dc40f9db50779cd9029ca6d4bce1ac65","Scripted entity or weapon literal registration fields; inheritance not executed","1","Literal metadata only; no Lua execution or native behavior verification"
"gamemodes/sandbox/gamemode/spawnmenu/contextmenu.lua","d7448089bd441840291d3de6b9a5632114c591988f3ab6b997fb648036ee8279","Literal Derma geometry controls and registration metadata","28","Literal metadata only; no Lua execution or native behavior verification"
"gamemodes/sandbox/gamemode/spawnmenu/controlpanel.lua","8614341f9b938fd18d268626263bef5b9f10a881b69223792ef93241be1c438b","Literal Derma geometry controls and registration metadata","42","Literal metadata only; no Lua execution or native behavior verification"
"gamemodes/sandbox/gamemode/spawnmenu/controls/control_presets.lua","096aa7042ad93cb352f2b1130abab7dd71a593b5c6e54180db75b0cff47e59fb","Literal Derma geometry controls and registration metadata","21","Literal metadata only; no Lua execution or native behavior verification"
"gamemodes/sandbox/gamemode/spawnmenu/controls/ctrlcolor.lua","72e83d3d05095c2bfaac0f3f746d392bd09b6b6e3b57cc6b18610cce78b74bb4","Literal Derma geometry controls and registration metadata","5","Literal metadata only; no Lua execution or native behavior verification"
"gamemodes/sandbox/gamemode/spawnmenu/controls/ctrllistbox.lua","1214568090c3cfc1ced7248c342b3ddd3c80858915d15d6441e5eaf067fdf9ec","Literal Derma geometry controls and registration metadata","4","Literal metadata only; no Lua execution or native behavior verification"
"gamemodes/sandbox/gamemode/spawnmenu/controls/ctrlnumpad.lua","5c99c1fa2761dc0e7ed8cfabe802ef058eb0877ae71ac7dd842d9603a65944c4","Literal Derma geometry controls and registration metadata","12","Literal metadata only; no Lua execution or native behavior verification"
"gamemodes/sandbox/gamemode/spawnmenu/controls/manifest.lua","20741514faee09da073206866ae716bc2e92646559db520957cedca6fe11315e","Literal Derma geometry controls and registration metadata","0","Literal metadata only; no Lua execution or native behavior verification"
"gamemodes/sandbox/gamemode/spawnmenu/controls/preset_editor.lua","72c2ca331e09a16dd8c213b8aaf68e0f9628451d04cf4068e25b9a7990bebcdf","Literal Derma geometry controls and registration metadata","56","Literal metadata only; no Lua execution or native behavior verification"
"gamemodes/sandbox/gamemode/spawnmenu/controls/ropematerial.lua","f6de952bb1b9d09b53df338bccf65777c04671ba4b80dd733cea6976ab2cccbc","Literal Derma geometry controls and registration metadata","1","Literal metadata only; no Lua execution or native behavior verification"
"gamemodes/sandbox/gamemode/spawnmenu/creationmenu.lua","0b64bbe5dc2ace20b034786108f76f5864bc981559d8f135f5533131451caa3e","Literal Derma geometry controls and registration metadata","3","Literal metadata only; no Lua execution or native behavior verification"
"gamemodes/sandbox/gamemode/spawnmenu/creationmenu/content/content.lua","f662e4f2b4e311e4b31ff626f1de2d4e8ac0d408d270b906043bcc860f5dd04e","Literal Derma geometry controls and registration metadata","18","Literal metadata only; no Lua execution or native behavior verification"
"gamemodes/sandbox/gamemode/spawnmenu/creationmenu/content/contentcontainer.lua","45a69956276a7239ac32f9af0a4a52f2d1695835ae8d33c9d19fb2a87f655d8c","Literal Derma geometry controls and registration metadata","9","Literal metadata only; no Lua execution or native behavior verification"
"gamemodes/sandbox/gamemode/spawnmenu/creationmenu/content/contentheader.lua","f11f72c8517f06c81b092e725ec77e35fe11636ae81b25e1948376825d01181c","Literal Derma geometry controls and registration metadata","10","Literal metadata only; no Lua execution or native behavior verification"
"gamemodes/sandbox/gamemode/spawnmenu/creationmenu/content/contenticon.lua","7946e7ebbdf964cc161837a2a0bad3730bd60c207680fe718a6694ba354be263","Literal Derma geometry controls and registration metadata","37","Literal metadata only; no Lua execution or native behavior verification"
"gamemodes/sandbox/gamemode/spawnmenu/creationmenu/content/contentsearch.lua","d971176445356606d6c50253e90df83771923b9a73a6d06881d9911af729c843","Literal Derma geometry controls and registration metadata","12","Literal metadata only; no Lua execution or native behavior verification"
"gamemodes/sandbox/gamemode/spawnmenu/creationmenu/content/contentsidebar.lua","3d8a336a747d814c7e1dde84ce37a186a5853a721effdde92f6988574241c6b9","Literal Derma geometry controls and registration metadata","16","Literal metadata only; no Lua execution or native behavior verification"
"gamemodes/sandbox/gamemode/spawnmenu/creationmenu/content/contentsidebartoolbox.lua","ccb523b9131f7879d6ecab279889cd736c4dfe9f89085a501295c5ea8727dd11","Literal Derma geometry controls and registration metadata","27","Literal metadata only; no Lua execution or native behavior verification"
"gamemodes/sandbox/gamemode/spawnmenu/creationmenu/content/contenttypes/addonprops.lua","cb81e906cd31a418f0343946f68941a5b0fb58c6984b4c2f1f8b660202c260db","Literal Derma geometry controls and registration metadata","5","Literal metadata only; no Lua execution or native behavior verification"
"gamemodes/sandbox/gamemode/spawnmenu/creationmenu/content/contenttypes/custom.lua","7eeee1779c86785b7f00eee33fdbfb52fd55c4af13970aed9ac9d2bcb1d50ed9","Literal Derma geometry controls and registration metadata","6","Literal metadata only; no Lua execution or native behavior verification"
"gamemodes/sandbox/gamemode/spawnmenu/creationmenu/content/contenttypes/dupes.lua","e3144d179a226da09207998c3fe8897d1d7e19c8ee83112fa7171c8b5d158c63","Literal Derma geometry controls and registration metadata","2","Literal metadata only; no Lua execution or native behavior verification"
"gamemodes/sandbox/gamemode/spawnmenu/creationmenu/content/contenttypes/entities.lua","890b2a1928ac53ed50718e5aecd0948b71bb841f61479a360ba04cfc2d942eb5","Literal Derma geometry controls and registration metadata","3","Literal metadata only; no Lua execution or native behavior verification"
"gamemodes/sandbox/gamemode/spawnmenu/creationmenu/content/contenttypes/gameprops.lua","24de29e5ca41bcc03c0bd393eb50fd165192ec0b04c95de7cad23393ffc184d2","Literal Derma geometry controls and registration metadata","2","Literal metadata only; no Lua execution or native behavior verification"
"gamemodes/sandbox/gamemode/spawnmenu/creationmenu/content/contenttypes/npcs.lua","4e430c1a06d7295bc607683cf040995c0f6e30336a401da0c0b11bda0e250121","Literal Derma geometry controls and registration metadata","23","Literal metadata only; no Lua execution or native behavior verification"
"gamemodes/sandbox/gamemode/spawnmenu/creationmenu/content/contenttypes/postprocess.lua","06f3663cba63e05584ef3bc61dea47c03635bb9e7e0f0af14a16ca088b3e71e5","Literal Derma geometry controls and registration metadata","3","Literal metadata only; no Lua execution or native behavior verification"
"gamemodes/sandbox/gamemode/spawnmenu/creationmenu/content/contenttypes/saves.lua","7e58a84a50e30ef06098bef13396440902fcc0dfc45b39baba5920e7a805cd14","Literal Derma geometry controls and registration metadata","2","Literal metadata only; no Lua execution or native behavior verification"
"gamemodes/sandbox/gamemode/spawnmenu/creationmenu/content/contenttypes/vehicles.lua","f1259969926b6fdfcef8c8842c31121fffc2e086521fbc7bc8ef3cc73e83f14f","Literal Derma geometry controls and registration metadata","3","Literal metadata only; no Lua execution or native behavior verification"
"gamemodes/sandbox/gamemode/spawnmenu/creationmenu/content/contenttypes/weapons.lua","dc2ab2341645a2e5c54aa269c54c8dad6b790f55d9bc887d0cd509ff2dbebe74","Literal Derma geometry controls and registration metadata","3","Literal metadata only; no Lua execution or native behavior verification"
"gamemodes/sandbox/gamemode/spawnmenu/creationmenu/content/postprocessicon.lua","cb6002f04a07849ab4f60062304ae945e18afc09c2dcce25a003488bd00e28c6","Literal Derma geometry controls and registration metadata","13","Literal metadata only; no Lua execution or native behavior verification"
"gamemodes/sandbox/gamemode/spawnmenu/creationmenu/manifest.lua","bf7f833041e096ab79e7c7b5fdf62891f54e883e8e4d4b7506a7c692f768534c","Literal Derma geometry controls and registration metadata","0","Literal metadata only; no Lua execution or native behavior verification"
"gamemodes/sandbox/gamemode/spawnmenu/init.lua","f59bb7c402d6c4d5ea13e7f14ce6ae7c1315ff987042dad1e5e413bbd4f44627","Literal Derma geometry controls and registration metadata","0","Literal metadata only; no Lua execution or native behavior verification"
"gamemodes/sandbox/gamemode/spawnmenu/spawnmenu.lua","7a41f2f5dccfee829f128b3d38c92905a0b03ca683019b6f2928d3f0969541c9","Literal Derma geometry controls and registration metadata","30","Literal metadata only; no Lua execution or native behavior verification"
"gamemodes/sandbox/gamemode/spawnmenu/toolmenu.lua","47b4e5ea51812dccdd69ca1419221a604b62bd266e3f35be1e387c16e078c55c","Literal Derma geometry controls and registration metadata","2","Literal metadata only; no Lua execution or native behavior verification"
"gamemodes/sandbox/gamemode/spawnmenu/toolpanel.lua","72cf183116b6572ea0218109228284da7ce266bdbda99ae7dbca75027e1b9194","Literal Derma geometry controls and registration metadata","30","Literal metadata only; no Lua execution or native behavior verification"
"lua/autorun/base_npcs.lua","2a7d2bf32de3379e846e657021e3ca6fdcfa8463b6517328c9775b3c0fe896ba","NPC or vehicle registrations including conditional mounts","85","Literal metadata only; no Lua execution or native behavior verification"
"lua/autorun/base_vehicles.lua","7bf1ec3e9539a991e7c14b6e3ab9c7e730bdeb329e2e326153158c041bfd589a","NPC or vehicle registrations including conditional mounts","15","Literal metadata only; no Lua execution or native behavior verification"
"lua/autorun/game_hl2.lua","8a49f484d575b724f6526c25ce5aca9becb3fc757449db6c488a9d502a6b980d","Native item and weapon registration helpers; excludes NPC equipment-only declarations","66","Literal metadata only; no Lua execution or native behavior verification"
"lua/autorun/menubar.lua","dd0da284315565ce6d7b2c776a24beb4a32a523e032e59a9486c9481ec854a6e","Literal Derma geometry controls and registration metadata","0","Literal metadata only; no Lua execution or native behavior verification"
"lua/autorun/properties.lua","a37c771ee9228c8bc0a475b2d139f977eea02e79464be5fdc21e7641e88d9bae","Literal Derma geometry controls and registration metadata","0","Literal metadata only; no Lua execution or native behavior verification"
"lua/autorun/properties/bodygroups.lua","6d9af3f58de16ef1f747e8cb8e6979defee70043a0bf870741630ed75c01dbda","Literal Derma geometry controls and registration metadata","2","Literal metadata only; no Lua execution or native behavior verification"
"lua/autorun/properties/bone_manipulate.lua","c3d30dc6476ad0d46e52a500db852041bad143d010e49521259107051c567d58","Literal Derma geometry controls and registration metadata","5","Literal metadata only; no Lua execution or native behavior verification"
"lua/autorun/properties/collisions.lua","57cf6d722c7f311ba44fd7ccf4d52edfa1359c10393819f2e62df38a60d30089","Literal Derma geometry controls and registration metadata","0","Literal metadata only; no Lua execution or native behavior verification"
"lua/autorun/properties/drive.lua","ee429a837bd1758d1953c688d95ea1760060da3a55e0735eff442ab4fe2e1398","Literal Derma geometry controls and registration metadata","0","Literal metadata only; no Lua execution or native behavior verification"
"lua/autorun/properties/editentity.lua","3ba38358d8a0cf32f513260533564b78db02a7207e636c3a2e0b2eb111cce315","Literal Derma geometry controls and registration metadata","2","Literal metadata only; no Lua execution or native behavior verification"
"lua/autorun/properties/gravity.lua","172e4beddf73b2121de9784afb32811443d8f77877468fccff7eb71f51f93aef","Literal Derma geometry controls and registration metadata","0","Literal metadata only; no Lua execution or native behavior verification"
"lua/autorun/properties/ignite.lua","7c9d7c5ee5bdb1e3da8bff01f8319e721610053494e5d456b5fe34f875944a05","Literal Derma geometry controls and registration metadata","0","Literal metadata only; no Lua execution or native behavior verification"
"lua/autorun/properties/keep_upright.lua","f47d2f75ef0a83b180425b344e75e51c707d304b79a0900de67db78091bc1d29","Literal Derma geometry controls and registration metadata","0","Literal metadata only; no Lua execution or native behavior verification"
"lua/autorun/properties/kinect_controller.lua","7806d4fac35f19b9242ccce4a56dec6dce9247a328693124292411a3f5da1fa9","Literal Derma geometry controls and registration metadata","3","Literal metadata only; no Lua execution or native behavior verification"
"lua/autorun/properties/npc_scale.lua","5420be2b37caa1686529f8f951168014c345e9f490c5d3cea3d873d73a618b58","Literal Derma geometry controls and registration metadata","0","Literal metadata only; no Lua execution or native behavior verification"
"lua/autorun/properties/persist.lua","b658f5a6dffa2b7a3ebfa501b5740597450cf7740f7cdd5ce3eb95357cd6ac76","Literal Derma geometry controls and registration metadata","0","Literal metadata only; no Lua execution or native behavior verification"
"lua/autorun/properties/remove.lua","220ae6d0d90db5622012f02232d99dc5b62833d1e773c1977b694ebbe66f6de5","Literal Derma geometry controls and registration metadata","0","Literal metadata only; no Lua execution or native behavior verification"
"lua/autorun/properties/skin.lua","b89b0035b1533257ba204f660a3ba108991fe337f3b9a6528077645483cedccc","Literal Derma geometry controls and registration metadata","1","Literal metadata only; no Lua execution or native behavior verification"
"lua/autorun/properties/statue.lua","73f828995cd89cadda6af28b118598a5259f41e2d4c9bf380ed6f9daa4616903","Literal Derma geometry controls and registration metadata","1","Literal metadata only; no Lua execution or native behavior verification"
"lua/autorun/utilities_menu.lua","30fe3863064c74b93adf8cee5b8d0a23c395bf84f8a74bc82aafaf79835a24cc","Literal Derma geometry controls and registration metadata","58","Literal metadata only; no Lua execution or native behavior verification"
"lua/entities/sent_ball.lua","ebbfce94441b5baf41ad9df773868b7b978be9733ae3c3b1450eda44dcd6af1d","Scripted entity or weapon literal registration fields; inheritance not executed","1","Literal metadata only; no Lua execution or native behavior verification"
"lua/entities/widget_arrow.lua","4c9b410a953afc61cd12f068ffb4d4c6d43265127f91964d5863a759de3d8400","Scripted entity or weapon literal registration fields; inheritance not executed","1","Literal metadata only; no Lua execution or native behavior verification"
"lua/entities/widget_axis.lua","bea100f5b80b17ff66e1f43e18c7f554f4dcb8effc7617aa93cc4c0f69770bf5","Scripted entity or weapon literal registration fields; inheritance not executed","1","Literal metadata only; no Lua execution or native behavior verification"
"lua/entities/widget_base.lua","19bd6e8c5186b0b0f84df5eccd7a9a297076024c5fadc69854894234ad2a0142","Scripted entity or weapon literal registration fields; inheritance not executed","1","Literal metadata only; no Lua execution or native behavior verification"
"lua/entities/widget_bones.lua","9bbf52b307fba1848a6779579a606ac955de938d799d47f37a265a712a294156","Scripted entity or weapon literal registration fields; inheritance not executed","1","Literal metadata only; no Lua execution or native behavior verification"
"lua/entities/widget_disc.lua","3a414084bc1594709a6b4702848f43a8ca6240dd381c72ee3ec82905891c6d46","Scripted entity or weapon literal registration fields; inheritance not executed","1","Literal metadata only; no Lua execution or native behavior verification"
"lua/skins/default.lua","efe1723397cdbca43363c3d88eed3b3535ba8a9ee0ebbbbac31923c465d54e74","Literal Derma geometry controls and registration metadata","2","Literal metadata only; no Lua execution or native behavior verification"
"lua/vgui/contextbase.lua","505b6a0c17bf05192ed2e664168746be82739e82edd66e85ccceff0326d73f8c","Literal Derma geometry controls and registration metadata","8","Literal metadata only; no Lua execution or native behavior verification"
"lua/vgui/dadjustablemodelpanel.lua","2fda92101cbe7ed42fa530c86bc9d10f687c1008598ef4a3ae0ed78b0f057377","Literal Derma geometry controls and registration metadata","2","Literal metadata only; no Lua execution or native behavior verification"
"lua/vgui/dalphabar.lua","bb313667ca7837fb530d7225723fa50bfb46f0fe425c8091d787ed268aab62e0","Literal Derma geometry controls and registration metadata","3","Literal metadata only; no Lua execution or native behavior verification"
"lua/vgui/dbinder.lua","a82d0ba66faf474886fe9bed13eb69078eed2c981098131f54938226d361f22b","Literal Derma geometry controls and registration metadata","6","Literal metadata only; no Lua execution or native behavior verification"
"lua/vgui/dbubblecontainer.lua","d28864cd8e5241b651f557f442a50cf8aac1a974b1fb69815805d370a8611e30","Literal Derma geometry controls and registration metadata","4","Literal metadata only; no Lua execution or native behavior verification"
"lua/vgui/dbutton.lua","560f21f8e5a234dd537e6a00c2aca59c599fadd49bc2c9c7b2e724dea987c86a","Literal Derma geometry controls and registration metadata","19","Literal metadata only; no Lua execution or native behavior verification"
"lua/vgui/dcategorycollapse.lua","0d9f466e41e7404b678c446495be691cb7d7d5b085e820f1e64e3934c26023a6","Literal Derma geometry controls and registration metadata","22","Literal metadata only; no Lua execution or native behavior verification"
"lua/vgui/dcategorylist.lua","1d2b2b765efce3747c6868b16eea7b1f6c9a2daf054b9a42e240bb23d24f851a","Literal Derma geometry controls and registration metadata","8","Literal metadata only; no Lua execution or native behavior verification"
"lua/vgui/dcheckbox.lua","cd56e4f9d80956557b6571101c1a9958bfb3788803218df2fa89718ae6e43b32","Literal Derma geometry controls and registration metadata","22","Literal metadata only; no Lua execution or native behavior verification"
"lua/vgui/dcolorbutton.lua","ef259eb2779b58fc8e9b3bdf20c3e1b457b58dfb82b667a3f8d2c385a93bd211","Literal Derma geometry controls and registration metadata","6","Literal metadata only; no Lua execution or native behavior verification"
"lua/vgui/dcolorcombo.lua","e7cebe467c49a59231469eb6ed01f18d9c7d6be8bf87b166ed6de431408134c7","Literal Derma geometry controls and registration metadata","5","Literal metadata only; no Lua execution or native behavior verification"
"lua/vgui/dcolorcube.lua","93841ef69cc68f57e0aa789581ca75c861ada5be8d22a01714ed4d8ef19a695f","Literal Derma geometry controls and registration metadata","7","Literal metadata only; no Lua execution or native behavior verification"
"lua/vgui/dcolormixer.lua","b75bed8a55d91c513a380e7b6a052a66f416ff4355257ac8f8ab27791719deee","Literal Derma geometry controls and registration metadata","39","Literal metadata only; no Lua execution or native behavior verification"
"lua/vgui/dcolorpalette.lua","d647b1aa2cf42f3e676c0a24993b8ddde7da4088caa05a963761691b9d637e43","Literal Derma geometry controls and registration metadata","7","Literal metadata only; no Lua execution or native behavior verification"
"lua/vgui/dcolumnsheet.lua","0b1204472525970ef99b780268721e63fa268f3b47eb52b77cab54a5ea9f8c50","Literal Derma geometry controls and registration metadata","11","Literal metadata only; no Lua execution or native behavior verification"
"lua/vgui/dcombobox.lua","9cea8e4636972928626821ac4a32b4805c25c0e9cd0f5de59c7432df2dc15a25","Literal Derma geometry controls and registration metadata","16","Literal metadata only; no Lua execution or native behavior verification"
"lua/vgui/ddragbase.lua","326ab82ec623910d5192a953eb1e092e0be3694727a468f3edaa38f13f64b02a","Literal Derma geometry controls and registration metadata","1","Literal metadata only; no Lua execution or native behavior verification"
"lua/vgui/ddrawer.lua","d1e595cb2455285655b548bc481eef07be29048b604b5800998925f323810903","Literal Derma geometry controls and registration metadata","7","Literal metadata only; no Lua execution or native behavior verification"
"lua/vgui/dentityproperties.lua","65897170da3d4bc5925128f1e1f14cb66eb3bc3523747b3c6e0e2f89fa7422c2","Literal Derma geometry controls and registration metadata","0","Literal metadata only; no Lua execution or native behavior verification"
"lua/vgui/dexpandbutton.lua","07247b1c3d38c965aae4d11b3b9b395094491285850996dc4b0a88e8ca3fb557","Literal Derma geometry controls and registration metadata","2","Literal metadata only; no Lua execution or native behavior verification"
"lua/vgui/dfilebrowser.lua","212f6660ada9dd1ec761c54c74ab3fa092b5062a59402cd640ea77b01fd612dc","Literal Derma geometry controls and registration metadata","9","Literal metadata only; no Lua execution or native behavior verification"
"lua/vgui/dform.lua","447b1dd0e9d987637e131cb712d06da12d1fda784c624971e2e86a19ad15d157","Literal Derma geometry controls and registration metadata","51","Literal metadata only; no Lua execution or native behavior verification"
"lua/vgui/dframe.lua","868452aba4603d27be1d7aa36d38483165870aa174dc578d6bcd5ffa6deb5f7f","Literal Derma geometry controls and registration metadata","24","Literal metadata only; no Lua execution or native behavior verification"
"lua/vgui/dgrid.lua","05574eeb4690037e99a6fe98a841206451754a86ae01dcd148565b4ce5ab1588","Literal Derma geometry controls and registration metadata","4","Literal metadata only; no Lua execution or native behavior verification"
"lua/vgui/dhorizontaldivider.lua","e848af767e401ed811b704bb68f1c3853523bb9e7a0068d51b3f0654d1b9e8e7","Literal Derma geometry controls and registration metadata","17","Literal metadata only; no Lua execution or native behavior verification"
"lua/vgui/dhorizontalscroller.lua","4bad141ed29a5f32983b35348a5af4e8d16965b1f2e863f4c9b9990913985b47","Literal Derma geometry controls and registration metadata","16","Literal metadata only; no Lua execution or native behavior verification"
"lua/vgui/dhscrollbar.lua","cd608dc937ec7fd927d44a00c31f28e6f5ff258d7c97d5a25b8a15db95b48d73","Literal Derma geometry controls and registration metadata","15","Literal metadata only; no Lua execution or native behavior verification"
"lua/vgui/dhtml.lua","42d50f1ef6ef8ba16d86d52b214e07de02c4a108a2ee93c6e570fbc95eac0b36","Literal Derma geometry controls and registration metadata","0","Literal metadata only; no Lua execution or native behavior verification"
"lua/vgui/dhtmlcontrols.lua","d3209793436838ae1a0ec49242836e975eb4bd47b76454b14043537bc2bca420","Literal Derma geometry controls and registration metadata","30","Literal metadata only; no Lua execution or native behavior verification"
"lua/vgui/diconbrowser.lua","397174194bc2fa82c99464eadfbd5bfc120eafd631c11368146ad6f82b66a586","Literal Derma geometry controls and registration metadata","8","Literal metadata only; no Lua execution or native behavior verification"
"lua/vgui/diconlayout.lua","0f729461d430941c627751e424f51dc697758b850e4ebb2f6b553d9b5e6161b6","Literal Derma geometry controls and registration metadata","16","Literal metadata only; no Lua execution or native behavior verification"
"lua/vgui/dimage.lua","319b83f02c00b863464f2b2f0f074494f5a1f530e23f009365cd4c0d9a809f8e","Literal Derma geometry controls and registration metadata","14","Literal metadata only; no Lua execution or native behavior verification"
"lua/vgui/dimagebutton.lua","b7e206c45fd65bbadac2ea182b4a8ab55aa181027755c23a2e8cd591a3e0e3cc","Literal Derma geometry controls and registration metadata","15","Literal metadata only; no Lua execution or native behavior verification"
"lua/vgui/dkillicon.lua","b205e59026865bdce7d7bbbf8bf71459e85644658ac899795e87e824ea619445","Literal Derma geometry controls and registration metadata","1","Literal metadata only; no Lua execution or native behavior verification"
"lua/vgui/dlabel.lua","0cc95a617b8ac3230c5b06c5cd8b3f89efe5e00f948c8c3f2128e1d16fc9706e","Literal Derma geometry controls and registration metadata","10","Literal metadata only; no Lua execution or native behavior verification"
"lua/vgui/dlabeleditable.lua","4facbfd6f001968b2d5ef0b661e05bfe126c1f1edc6d868f1ae1a0795fca50d6","Literal Derma geometry controls and registration metadata","7","Literal metadata only; no Lua execution or native behavior verification"
"lua/vgui/dlabelurl.lua","afc96423351acd8d67e615125257f89c4da3f1ba1eea70e0900c00d23d47d8f5","Literal Derma geometry controls and registration metadata","1","Literal metadata only; no Lua execution or native behavior verification"
"lua/vgui/dlistbox.lua","678f5fc8a47c068a854c4f45cbc686c4e1063584f4fb6550fa4564099a896f1b","Literal Derma geometry controls and registration metadata","8","Literal metadata only; no Lua execution or native behavior verification"
"lua/vgui/dlistlayout.lua","767d06a14f4fa4405d0c862b27fea8af69bc0186d4d106617f1e2f5d4132bebc","Literal Derma geometry controls and registration metadata","6","Literal metadata only; no Lua execution or native behavior verification"
"lua/vgui/dlistview.lua","3948dd506a1081f4939cbbad3accc82462e2c523663b07a9db56df14a622069c","Literal Derma geometry controls and registration metadata","19","Literal metadata only; no Lua execution or native behavior verification"
"lua/vgui/dlistview_column.lua","3b2efb21891e96a62a73204460385523e5f9ce512f32189c1610dee351d37c3c","Literal Derma geometry controls and registration metadata","8","Literal metadata only; no Lua execution or native behavior verification"
"lua/vgui/dlistview_line.lua","88006b5638564e6417c066077fa9c2d69bd368ca146c192cc7df8600d79e8db7","Literal Derma geometry controls and registration metadata","4","Literal metadata only; no Lua execution or native behavior verification"
"lua/vgui/dmenu.lua","1920866c52bdcdfcbe5733ef4883d1836f407b027476ebbfe0b0c9dc0a87a65a","Literal Derma geometry controls and registration metadata","25","Literal metadata only; no Lua execution or native behavior verification"
"lua/vgui/dmenubar.lua","21792b8b358741c0bf03ce2dccfc4df8c4949152f0de714992f3d9660015bb42","Literal Derma geometry controls and registration metadata","15","Literal metadata only; no Lua execution or native behavior verification"
"lua/vgui/dmenuoption.lua","623696f70e4c57614a55e83914f719626dac6a09a01f0f9b1ba07a264363ed9b","Literal Derma geometry controls and registration metadata","3","Literal metadata only; no Lua execution or native behavior verification"
"lua/vgui/dmenuoptioncvar.lua","6879b084f80337157dffe2c1bff8baf0dc8b8433b0923e5e0285f790b77b60e8","Literal Derma geometry controls and registration metadata","0","Literal metadata only; no Lua execution or native behavior verification"
"lua/vgui/dmodelpanel.lua","d4e6c6dda6210ea9daed335262e73f6cc9671cee84833712f889edb0ab50c4a4","Literal Derma geometry controls and registration metadata","3","Literal metadata only; no Lua execution or native behavior verification"
"lua/vgui/dmodelselect.lua","4220df7f3605e6c4be97a32f31d3f7a62e20d9f87d9622295f494d6b7d7e1ed3","Literal Derma geometry controls and registration metadata","3","Literal metadata only; no Lua execution or native behavior verification"
"lua/vgui/dmodelselectmulti.lua","109e7aa7e2904543f5c2aeb36cf27beef4d93d97d49a31da437d561221ce7de9","Literal Derma geometry controls and registration metadata","2","Literal metadata only; no Lua execution or native behavior verification"
"lua/vgui/dnotify.lua","47424d1a14ec215efb0cd96eb2160ff6eabee4ad6ea02b242d4782145a29e0a9","Literal Derma geometry controls and registration metadata","2","Literal metadata only; no Lua execution or native behavior verification"
"lua/vgui/dnumberscratch.lua","7e419a4091052220386058bae59f0077c88ad1922f69b7205362b351e4f2f987","Literal Derma geometry controls and registration metadata","6","Literal metadata only; no Lua execution or native behavior verification"
"lua/vgui/dnumberwang.lua","d9747f2a3b252379b51f8805641fbeb7954425dc166b7c4f697786012e18b42c","Literal Derma geometry controls and registration metadata","10","Literal metadata only; no Lua execution or native behavior verification"
"lua/vgui/dnumpad.lua","01e7bd70971a1ae6de2a29d01f2187763518a0228842b1a66fae2e4ca158a992","Literal Derma geometry controls and registration metadata","2","Literal metadata only; no Lua execution or native behavior verification"
"lua/vgui/dnumslider.lua","2aaaffd29703d968fbe150a783895fdb3397f118fd93f02c77b1aa240e9423ee","Literal Derma geometry controls and registration metadata","20","Literal metadata only; no Lua execution or native behavior verification"
"lua/vgui/dpanel.lua","36c91280cb65224c805a1e13ebe5806ce289449734123a3ab8b1ef4200349383","Literal Derma geometry controls and registration metadata","2","Literal metadata only; no Lua execution or native behavior verification"
"lua/vgui/dpanellist.lua","d86748ab9133d2cdb5b89576c4c06189ec1a1640e6f7e6b94dfc2cdeadff81d4","Literal Derma geometry controls and registration metadata","17","Literal metadata only; no Lua execution or native behavior verification"
"lua/vgui/dpaneloverlay.lua","949883060f1e008df9ce45f8bd3edaddfc7e2075f9d734bf564dbcfb9a2de2b2","Literal Derma geometry controls and registration metadata","4","Literal metadata only; no Lua execution or native behavior verification"
"lua/vgui/dpanelselect.lua","a1021e01a7cf7aa14a4add76a06a3e2601806071272b8907c0240eb4ffd6d375","Literal Derma geometry controls and registration metadata","0","Literal metadata only; no Lua execution or native behavior verification"
"lua/vgui/DPanPanel.lua","9d63e7d742e3b3e62b5f2b402e402066c9aecd5ad7ebf8bd1d5a24ef409e9b51","Literal Derma geometry controls and registration metadata","33","Literal metadata only; no Lua execution or native behavior verification"
"lua/vgui/dprogress.lua","7ff944b0439fb99fa65e52f51ba100eb0840df3512da1ea34ff66be1ded100e9","Literal Derma geometry controls and registration metadata","3","Literal metadata only; no Lua execution or native behavior verification"
"lua/vgui/dproperties.lua","79651438c188b4ecaab4f40a51a6e15eda40e6734e5f0deffaa67b8eec2392c3","Literal Derma geometry controls and registration metadata","19","Literal metadata only; no Lua execution or native behavior verification"
"lua/vgui/dpropertysheet.lua","9338944e5562745aa2b67c1603d072ab5717c80a3a4318925c7a7d7a6a5141b8","Literal Derma geometry controls and registration metadata","20","Literal metadata only; no Lua execution or native behavior verification"
"lua/vgui/drgbpicker.lua","50d1b1437fd34f983fbe9fa29a64562e7dd1e7d1b6c8f1ebdbef504454c3e508","Literal Derma geometry controls and registration metadata","1","Literal metadata only; no Lua execution or native behavior verification"
"lua/vgui/dscrollbargrip.lua","18d3a666903111af02732503c81be8d2a3cf66aaf46f0d6e694c1c63a864fc6c","Literal Derma geometry controls and registration metadata","0","Literal metadata only; no Lua execution or native behavior verification"
"lua/vgui/dscrollpanel.lua","c0cc4118600d4dc1943895f6e10ab862dbcdc57d367d7b7bbc57856dc7d394a7","Literal Derma geometry controls and registration metadata","9","Literal metadata only; no Lua execution or native behavior verification"
"lua/vgui/dshape.lua","5b1bd90ec2428d1e7efeab1451741f0d7b11926bc8205d94290b1945e788897a","Literal Derma geometry controls and registration metadata","5","Literal metadata only; no Lua execution or native behavior verification"
"lua/vgui/dsizetocontents.lua","04012cd06063eecf92b980b6ed34ec30b58596d5f272d9ccb86436aa0bf69932","Literal Derma geometry controls and registration metadata","1","Literal metadata only; no Lua execution or native behavior verification"
"lua/vgui/dslider.lua","8788cde378844f99a35f927c44035e64af2d3148653d17ba8c8011c30dbbba39","Literal Derma geometry controls and registration metadata","9","Literal metadata only; no Lua execution or native behavior verification"
"lua/vgui/dsprite.lua","2f1d539d0148bc6a4b798c47b88446bfe4f8cb775b373c6435abe8d8dfe1e5b9","Literal Derma geometry controls and registration metadata","8","Literal metadata only; no Lua execution or native behavior verification"
"lua/vgui/dtextentry.lua","0143f02f354e8fb9e5dc0e61cfe1c03fe21b5de071f1ad2b9bc6fcf5fafcf554","Literal Derma geometry controls and registration metadata","14","Literal metadata only; no Lua execution or native behavior verification"
"lua/vgui/dtilelayout.lua","063b27f887856a11118dc58377fdaaf549629d62583748589dfd1da2997b0936","Literal Derma geometry controls and registration metadata","19","Literal metadata only; no Lua execution or native behavior verification"
"lua/vgui/dtooltip.lua","6dc6b78015f4a20c94a354a4c46062a006192701676ba7196704a902077da8c3","Literal Derma geometry controls and registration metadata","11","Literal metadata only; no Lua execution or native behavior verification"
"lua/vgui/dtree.lua","a441b11cb69eff38598c6b90ff386744510cb1322115601bc66644aedcb36c4d","Literal Derma geometry controls and registration metadata","5","Literal metadata only; no Lua execution or native behavior verification"
"lua/vgui/dtree_node.lua","1ee5ca758e54c3cd2a7f053b8245037854a91d2ec5d90477ae5f560612dd1cbb","Literal Derma geometry controls and registration metadata","25","Literal metadata only; no Lua execution or native behavior verification"
"lua/vgui/dtree_node_button.lua","6813578c9b799110012ac5c656b5b44f88ce244d82fd68c55428d9da570e2441","Literal Derma geometry controls and registration metadata","0","Literal metadata only; no Lua execution or native behavior verification"
"lua/vgui/dverticaldivider.lua","97a25843ad8ff529319240ab42bbfe2fc5b758178c7c9b923d33deda69676f52","Literal Derma geometry controls and registration metadata","7","Literal metadata only; no Lua execution or native behavior verification"
"lua/vgui/dvscrollbar.lua","d28cff092c6a6c6baec1acd3086535e299d86e39b1adb28bbc6f2c9c1f0072eb","Literal Derma geometry controls and registration metadata","15","Literal metadata only; no Lua execution or native behavior verification"
"lua/vgui/fingerposer.lua","601d1add78f75f898bc2a8c2d1c5fdd61c4a373454713247ab0b34f096154083","Literal Derma geometry controls and registration metadata","8","Literal metadata only; no Lua execution or native behavior verification"
"lua/vgui/fingervar.lua","696356010785afb5da4ba86181291938ca1b059cde5156ffbc5297d9b41791ad","Literal Derma geometry controls and registration metadata","5","Literal metadata only; no Lua execution or native behavior verification"
"lua/vgui/imagecheckbox.lua","ecabf7611310757877f42b033fdf866d36ee263872ac867076c132476189fabc","Literal Derma geometry controls and registration metadata","7","Literal metadata only; no Lua execution or native behavior verification"
"lua/vgui/material.lua","5dab2566a7fdd75f83f0c297488edff42ae49d90c343385fe8d4f10918a10b89","Literal Derma geometry controls and registration metadata","6","Literal metadata only; no Lua execution or native behavior verification"
"lua/vgui/matselect.lua","790f3b4a5cceec4d1502af934d89fd7a04a39e745b6058204b80c1b7582a0db2","Literal Derma geometry controls and registration metadata","13","Literal metadata only; no Lua execution or native behavior verification"
"lua/vgui/prop_boolean.lua","e529c50f64dd7e68091dfa9ab89edfbfe526c497862b811167c48e2766e7f41d","Literal Derma geometry controls and registration metadata","1","Literal metadata only; no Lua execution or native behavior verification"
"lua/vgui/prop_combo.lua","b3f9c7844a5db65e16b803fb37b4b0e576885955069cbb0982ecd776dd68c185","Literal Derma geometry controls and registration metadata","5","Literal metadata only; no Lua execution or native behavior verification"
"lua/vgui/prop_entity.lua","24b8d1ec7dd735ee19f7fae0332a33f0e1c5768d94ec2a65e60b88cb395c2309","Literal Derma geometry controls and registration metadata","5","Literal metadata only; no Lua execution or native behavior verification"
"lua/vgui/prop_float.lua","3a20f0fa34861f00576c12a239aa4333aa92df7c830a33ed65ecd6b5266042ff","Literal Derma geometry controls and registration metadata","4","Literal metadata only; no Lua execution or native behavior verification"
"lua/vgui/prop_generic.lua","a7bf3189b10e0dfeebc5b88d124055eb4909769b8f32727e4438d91ccb485a2b","Literal Derma geometry controls and registration metadata","2","Literal metadata only; no Lua execution or native behavior verification"
"lua/vgui/prop_int.lua","6f0eb5c55345d06acc501fa97c830e1be05b7f382d1d9d1c0f9bb0e285fd5bdc","Literal Derma geometry controls and registration metadata","0","Literal metadata only; no Lua execution or native behavior verification"
"lua/vgui/prop_vectorcolor.lua","80c56a59e235acf37c42a7bca5165b4bef75fa7a3c9b4356656bfa6c5d8be43a","Literal Derma geometry controls and registration metadata","5","Literal metadata only; no Lua execution or native behavior verification"
"lua/vgui/propselect.lua","368da7640647cad68c9556bf0aaf2f620fbbd50cee5515a74cd3a17a94f0af3d","Literal Derma geometry controls and registration metadata","10","Literal metadata only; no Lua execution or native behavior verification"
"lua/vgui/slidebar.lua","b8d2c8f29d75f8ebcbc52c39d6d0ffb5f8035a3b0591bca800217921e1b8a207","Literal Derma geometry controls and registration metadata","5","Literal metadata only; no Lua execution or native behavior verification"
"lua/vgui/spawnicon.lua","e75be38d7606ac01602e0f06a7b76774f45e6c606cbb2e63a91f0c3e6cafb02f","Literal Derma geometry controls and registration metadata","22","Literal metadata only; no Lua execution or native behavior verification"
"lua/vgui/vgui_panellist.lua","c06304f51a4931e23cd8e623243ca0b8e4312a4c5c152ec9f2cf508295a39cb6","Literal Derma geometry controls and registration metadata","10","Literal metadata only; no Lua execution or native behavior verification"
"lua/weapons/weapon_fists.lua","6173895b65ffb7d1536bd27c69ead1bba528a439f306b914b6982c40e3a25dfe","Scripted entity or weapon literal registration fields; inheritance not executed","1","Literal metadata only; no Lua execution or native behavior verification"
"lua/weapons/weapon_flechettegun.lua","890a250b1131cc1904d3a3a6a9be27cc32b1043c37575e3c32351be6a7b940f5","Scripted entity or weapon literal registration fields; inheritance not executed","1","Literal metadata only; no Lua execution or native behavior verification"
"lua/weapons/weapon_medkit.lua","f45aa3242fffe62dac1f08b6620a4ee74a386ca1ea6f6bf0eade607a69e6801c","Scripted entity or weapon literal registration fields; inheritance not executed","1","Literal metadata only; no Lua execution or native behavior verification"
