"id","kind","spawn_name","class_name","label","category","model","icon","condition","visibility","admin_only","defaults_json","source","line"
"entity_edit_fog","entity","edit_fog","edit_fog","Fog Editor","Editors","","entities/edit_fog.png","base","spawnmenu","true","{""Spawnable"":""true"",""AdminOnly"":""true"",""PrintName"":""\""#edit_fog\"""",""Category"":""\""#spawnmenu.category.editors\""""}","gamemodes/sandbox/entities/entities/edit_fog.lua","9"
"entity_edit_sky","entity","edit_sky","edit_sky","Sky Editor","Editors","","entities/edit_sky.png","base","spawnmenu","true","{""Spawnable"":""true"",""AdminOnly"":""true"",""PrintName"":""\""#edit_sky\"""",""Category"":""\""#spawnmenu.category.editors\""""}","gamemodes/sandbox/entities/entities/edit_sky.lua","9"
"entity_edit_sun","entity","edit_sun","edit_sun","Sun Editor","Editors","","entities/edit_sun.png","base","spawnmenu","true","{""Spawnable"":""true"",""AdminOnly"":""true"",""PrintName"":""\""#edit_sun\"""",""Category"":""\""#spawnmenu.category.editors\""""}","gamemodes/sandbox/entities/entities/edit_sun.lua","9"
"entity_sent_ball","entity","sent_ball","sent_ball","Bouncy Ball","Fun + Games","","entities/sent_ball.png","base","spawnmenu","false","{""PrintName"":""\""#sent_ball\"""",""Category"":""\""#spawnmenu.category.fun_games\"""",""Spawnable"":""true"",""AdminOnly"":""false""}","lua/entities/sent_ball.lua","13"
"entity_item_ammo_357","entity","item_ammo_357","item_ammo_357",".357 Ammo Box","Half-Life 2","","entities/item_ammo_357.png","base","spawnmenu","false","{""NormalOffset"":""-4"",""DropToFloor"":""true"",""SubCategory"":""SubCategory""}","lua/autorun/game_hl2.lua","103"
"entity_item_ammo_357_large","entity","item_ammo_357_large","item_ammo_357_large",".357 Ammo Box (Large)","Half-Life 2","","entities/item_ammo_357_large.png","base","spawnmenu","false","{""NormalOffset"":""-4"",""DropToFloor"":""true"",""SubCategory"":""SubCategory""}","lua/autorun/game_hl2.lua","104"
"entity_item_ammo_ar2_altfire","entity","item_ammo_ar2_altfire","item_ammo_ar2_altfire","AR2 Energy Orb Ammo","Half-Life 2","","entities/item_ammo_ar2_altfire.png","base","spawnmenu","false","{""NormalOffset"":""-2"",""DropToFloor"":""true"",""SubCategory"":""SubCategory""}","lua/autorun/game_hl2.lua","112"
"entity_item_ammo_ar2","entity","item_ammo_ar2","item_ammo_ar2","AR2 Magazine","Half-Life 2","","entities/item_ammo_ar2.png","base","spawnmenu","false","{""NormalOffset"":""-8"",""DropToFloor"":""true"",""SubCategory"":""SubCategory""}","lua/autorun/game_hl2.lua","97"
"entity_item_ammo_ar2_large","entity","item_ammo_ar2_large","item_ammo_ar2_large","AR2 Magazine (Large)","Half-Life 2","","entities/item_ammo_ar2_large.png","base","spawnmenu","false","{""NormalOffset"":""-8"",""DropToFloor"":""true"",""SubCategory"":""SubCategory""}","lua/autorun/game_hl2.lua","98"
"entity_combine_mine","entity","combine_mine","combine_mine","Combine Mine","Half-Life 2","","entities/combine_mine.png","base","spawnmenu","false","{""NormalOffset"":""-8"",""DropToFloor"":""true""}","lua/autorun/game_hl2.lua","127"
"entity_item_ammo_crossbow","entity","item_ammo_crossbow","item_ammo_crossbow","Crossbow Bolt Bundle","Half-Life 2","","entities/item_ammo_crossbow.png","base","spawnmenu","false","{""NormalOffset"":""-10"",""DropToFloor"":""true"",""SubCategory"":""SubCategory""}","lua/autorun/game_hl2.lua","110"
"entity_item_suit","entity","item_suit","item_suit","H.E.V. Suit","Half-Life 2","","entities/item_suit.png","base","spawnmenu","false","{""NormalOffset"":""0"",""DropToFloor"":""true""}","lua/autorun/game_hl2.lua","124"
"entity_item_healthcharger","entity","item_healthcharger","item_healthcharger","Health Charger","Half-Life 2","","entities/item_healthcharger.png","base","spawnmenu","false","{""NormalOffset"":""32"",""DropToFloor"":""true""}","lua/autorun/game_hl2.lua","123"
"entity_item_healthkit","entity","item_healthkit","item_healthkit","Health Kit","Half-Life 2","","entities/item_healthkit.png","base","spawnmenu","false","{""NormalOffset"":""-8"",""DropToFloor"":""true"",""SubCategory"":""SubCategory""}","lua/autorun/game_hl2.lua","120"
"entity_item_healthvial","entity","item_healthvial","item_healthvial","Health Vial","Half-Life 2","","entities/item_healthvial.png","base","spawnmenu","false","{""NormalOffset"":""-4"",""DropToFloor"":""true"",""SubCategory"":""SubCategory""}","lua/autorun/game_hl2.lua","121"
"entity_grenade_helicopter","entity","grenade_helicopter","grenade_helicopter","Helicopter Bomb","Half-Life 2","","entities/grenade_helicopter.png","base","spawnmenu","false","{""NormalOffset"":""4"",""DropToFloor"":""true""}","lua/autorun/game_hl2.lua","130"
"entity_npc_grenade_frag","entity","npc_grenade_frag","npc_grenade_frag","Live Grenade","Half-Life 2","","entities/npc_grenade_frag.png","base","spawnmenu","false","{""NormalOffset"":""-8"",""DropToFloor"":""true""}","lua/autorun/game_hl2.lua","129"
"entity_weapon_striderbuster","entity","weapon_striderbuster","weapon_striderbuster","Magnusson Device","Half-Life 2","","entities/weapon_striderbuster.png","base","spawnmenu","false","{""NormalOffset"":""32"",""DropToFloor"":""true""}","lua/autorun/game_hl2.lua","132"
"entity_item_ammo_pistol","entity","item_ammo_pistol","item_ammo_pistol","Pistol Ammo Box","Half-Life 2","","entities/item_ammo_pistol.png","base","spawnmenu","false","{""NormalOffset"":""-4"",""DropToFloor"":""true"",""SubCategory"":""SubCategory""}","lua/autorun/game_hl2.lua","100"
"entity_item_ammo_pistol_large","entity","item_ammo_pistol_large","item_ammo_pistol_large","Pistol Ammo Box (Large)","Half-Life 2","","entities/item_ammo_pistol_large.png","base","spawnmenu","false","{""NormalOffset"":""-4"",""DropToFloor"":""true"",""SubCategory"":""SubCategory""}","lua/autorun/game_hl2.lua","101"
"entity_combine_mine_resistance","entity","combine_mine_resistance","combine_mine","Resistance Mine","Half-Life 2","","entities/combine_mine_resistance.png","base","spawnmenu","false","{""NormalOffset"":""-8"",""DropToFloor"":""true"",""KeyValues"":""{ Modification = 1 }""}","lua/autorun/game_hl2.lua","128"
"entity_item_rpg_round","entity","item_rpg_round","item_rpg_round","RPG Rocket","Half-Life 2","","entities/item_rpg_round.png","base","spawnmenu","false","{""NormalOffset"":""-10"",""DropToFloor"":""true"",""SubCategory"":""SubCategory""}","lua/autorun/game_hl2.lua","113"
"entity_item_box_buckshot","entity","item_box_buckshot","item_box_buckshot","Shotgun Ammo Box","Half-Life 2","","entities/item_box_buckshot.png","base","spawnmenu","false","{""NormalOffset"":""-10"",""DropToFloor"":""true"",""SubCategory"":""SubCategory""}","lua/autorun/game_hl2.lua","111"
"entity_item_ammo_smg1","entity","item_ammo_smg1","item_ammo_smg1","SMG Ammo Box","Half-Life 2","","entities/item_ammo_smg1.png","base","spawnmenu","false","{""NormalOffset"":""-2"",""DropToFloor"":""true"",""SubCategory"":""SubCategory""}","lua/autorun/game_hl2.lua","106"
"entity_item_ammo_smg1_large","entity","item_ammo_smg1_large","item_ammo_smg1_large","SMG Ammo Box (Large)","Half-Life 2","","entities/item_ammo_smg1_large.png","base","spawnmenu","false","{""NormalOffset"":""-2"",""DropToFloor"":""true"",""SubCategory"":""SubCategory""}","lua/autorun/game_hl2.lua","107"
"entity_item_ammo_smg1_grenade","entity","item_ammo_smg1_grenade","item_ammo_smg1_grenade","SMG Grenade","Half-Life 2","","entities/item_ammo_smg1_grenade.png","base","spawnmenu","false","{""NormalOffset"":""-10"",""DropToFloor"":""true"",""SubCategory"":""SubCategory""}","lua/autorun/game_hl2.lua","109"
"entity_item_battery","entity","item_battery","item_battery","Suit Battery","Half-Life 2","","entities/item_battery.png","base","spawnmenu","false","{""NormalOffset"":""-4"",""DropToFloor"":""true"",""SubCategory"":""SubCategory""}","lua/autorun/game_hl2.lua","119"
"entity_item_suitcharger","entity","item_suitcharger","item_suitcharger","Suit Charger","Half-Life 2","","entities/item_suitcharger.png","base","spawnmenu","false","{""NormalOffset"":""32"",""DropToFloor"":""true""}","lua/autorun/game_hl2.lua","122"
"entity_prop_thumper","entity","prop_thumper","prop_thumper","Thumper","Half-Life 2","","entities/prop_thumper.png","base","spawnmenu","false","{""NormalOffset"":""32"",""DropToFloor"":""true""}","lua/autorun/game_hl2.lua","126"
"entity_ammo_357","entity","ammo_357","ammo_357",".357 Ammo Box","Half-Life: Source","","entities/ammo_357.png","mounted:hl1_or_hl1mp","spawnmenu","false","{""NormalOffset"":""0"",""DropToFloor"":""true""}","lua/autorun/game_hl2.lua","188"
"entity_ammo_9mmbox","entity","ammo_9mmbox","ammo_9mmbox","9mm Ammo Box","Half-Life: Source","","entities/ammo_9mmbox.png","mounted:hl1_or_hl1mp","spawnmenu","false","{""NormalOffset"":""0"",""DropToFloor"":""true"",""Information"":""\""Gives ammo for the MP5 and Glock.\""""}","lua/autorun/game_hl2.lua","186"
"entity_ammo_crossbow","entity","ammo_crossbow","ammo_crossbow","Crossbow Magazine","Half-Life: Source","","entities/ammo_crossbow.png","mounted:hl1_or_hl1mp","spawnmenu","false","{""NormalOffset"":""0"",""DropToFloor"":""true""}","lua/autorun/game_hl2.lua","182"
"entity_ammo_glockclip","entity","ammo_glockclip","ammo_glockclip","Glock Magazine","Half-Life: Source","","entities/ammo_glockclip.png","mounted:hl1_or_hl1mp","spawnmenu","false","{""NormalOffset"":""0"",""DropToFloor"":""true""}","lua/autorun/game_hl2.lua","184"
"entity_ammo_mp5grenades","entity","ammo_mp5grenades","ammo_mp5grenades","MP5 Grenades","Half-Life: Source","","entities/ammo_mp5grenades.png","mounted:hl1_or_hl1mp","spawnmenu","false","{""NormalOffset"":""0"",""DropToFloor"":""true""}","lua/autorun/game_hl2.lua","187"
"entity_ammo_mp5clip","entity","ammo_mp5clip","ammo_mp5clip","MP5 Magazine","Half-Life: Source","","entities/ammo_mp5clip.png","mounted:hl1_or_hl1mp","spawnmenu","false","{""NormalOffset"":""0"",""DropToFloor"":""true""}","lua/autorun/game_hl2.lua","185"
"entity_ammo_rpgclip","entity","ammo_rpgclip","ammo_rpgclip","RPG Rockets","Half-Life: Source","","entities/ammo_rpgclip.png","mounted:hl1_or_hl1mp","spawnmenu","false","{""NormalOffset"":""0"",""DropToFloor"":""true""}","lua/autorun/game_hl2.lua","189"
"entity_ammo_buckshot","entity","ammo_buckshot","ammo_buckshot","SPAS-12 Ammo Box","Half-Life: Source","","entities/ammo_buckshot.png","mounted:hl1_or_hl1mp","spawnmenu","false","{""NormalOffset"":""0"",""DropToFloor"":""true""}","lua/autorun/game_hl2.lua","190"
"entity_ammo_gaussclip","entity","ammo_gaussclip","ammo_gaussclip","Uranium Ammo Box","Half-Life: Source","","entities/ammo_gaussclip.png","mounted:hl1_or_hl1mp","spawnmenu","false","{""NormalOffset"":""0"",""DropToFloor"":""true""}","lua/autorun/game_hl2.lua","183"
"entity_gmod_balloon","entity","gmod_balloon","gmod_balloon","Balloon","Other","","entities/gmod_balloon.png","base","inherited_or_internal","false","{""PrintName"":""\""Balloon\""""}","gamemodes/sandbox/entities/entities/gmod_balloon.lua","4"
"entity_base_edit","entity","base_edit","base_edit","base_edit","Other","","entities/base_edit.png","base","internal","false","{""Spawnable"":""false"",""AdminOnly"":""false""}","gamemodes/sandbox/entities/entities/base_edit.lua","6"
"entity_base_gmodentity","entity","base_gmodentity","base_gmodentity","base_gmodentity","Other","","entities/base_gmodentity.png","base","internal","false","{""Spawnable"":""false""}","gamemodes/sandbox/entities/entities/base_gmodentity.lua","4"
"entity_gmod_button","entity","gmod_button","gmod_button","Button","Other","","entities/gmod_button.png","base","inherited_or_internal","false","{""PrintName"":""\""Button\""""}","gamemodes/sandbox/entities/entities/gmod_button.lua","4"
"entity_gmod_cameraprop","entity","gmod_cameraprop","gmod_cameraprop","Camera","Other","","entities/gmod_cameraprop.png","base","inherited_or_internal","false","{""Type"":""\""anim\"""",""PrintName"":""\""Camera\""""}","gamemodes/sandbox/entities/entities/gmod_cameraprop.lua","9"
"entity_gmod_dynamite","entity","gmod_dynamite","gmod_dynamite","Dynamite","Other","","entities/gmod_dynamite.png","base","inherited_or_internal","false","{""PrintName"":""\""Dynamite\""""}","gamemodes/sandbox/entities/entities/gmod_dynamite.lua","4"
"entity_gmod_emitter","entity","gmod_emitter","gmod_emitter","Emitter","Other","","entities/gmod_emitter.png","base","inherited_or_internal","false","{""PrintName"":""\""Emitter\""""}","gamemodes/sandbox/entities/entities/gmod_emitter.lua","4"
"entity_gmod_winch_controller","entity","gmod_winch_controller","gmod_winch_controller","gmod_winch_controller","Other","","entities/gmod_winch_controller.png","base","inherited_or_internal","false","{""Type"":""\""point\""""}","gamemodes/sandbox/entities/entities/gmod_winch_controller.lua","1"
"entity_gmod_hoverball","entity","gmod_hoverball","gmod_hoverball","Hoverball","Other","","entities/gmod_hoverball.png","base","inherited_or_internal","false","{""PrintName"":""\""Hoverball\""""}","gamemodes/sandbox/entities/entities/gmod_hoverball.lua","4"
"entity_gmod_lamp","entity","gmod_lamp","gmod_lamp","Lamp","Other","","entities/gmod_lamp.png","base","inherited_or_internal","false","{""PrintName"":""\""Lamp\""""}","gamemodes/sandbox/entities/entities/gmod_lamp.lua","4"
"entity_gmod_light","entity","gmod_light","gmod_light","Light","Other","","entities/gmod_light.png","base","inherited_or_internal","false","{""PrintName"":""\""Light\""""}","gamemodes/sandbox/entities/entities/gmod_light.lua","4"
"entity_nb_example","entity","nb_example","nb_example","nb_example","Other","","entities/nb_example.png","base","internal","false","{""Base"":""\""base_nextbot\"""",""Spawnable"":""false""}","gamemodes/sandbox/entities/entities/nb_example.lua","5"
"entity_gmod_thruster","entity","gmod_thruster","gmod_thruster","Thruster","Other","","entities/gmod_thruster.png","base","inherited_or_internal","false","{""PrintName"":""\""Thruster\""""}","gamemodes/sandbox/entities/entities/gmod_thruster.lua","4"
"entity_gmod_ghost","entity","gmod_ghost","gmod_ghost","Tool Ghost","Other","","entities/gmod_ghost.png","base","inherited_or_internal","false","{""Type"":""\""anim\"""",""PrintName"":""\""Tool Ghost\""""}","gamemodes/sandbox/entities/entities/gmod_ghost.lua","6"
"entity_gmod_wheel","entity","gmod_wheel","gmod_wheel","Wheel","Other","","entities/gmod_wheel.png","base","inherited_or_internal","false","{""PrintName"":""\""Wheel\""""}","gamemodes/sandbox/entities/entities/gmod_wheel.lua","4"
"entity_widget_arrow","entity","widget_arrow","widget_arrow","widget_arrow","Other","","entities/widget_arrow.png","base","inherited_or_internal","false","{}","lua/entities/widget_arrow.lua","1"
"entity_widget_axis","entity","widget_axis","widget_axis","widget_axis","Other","","entities/widget_axis.png","base","inherited_or_internal","false","{}","lua/entities/widget_axis.lua","1"
"entity_widget_base","entity","widget_base","widget_base","widget_base","Other","","entities/widget_base.png","base","internal","false","{""Spawnable"":""false"",""AdminOnly"":""false""}","lua/entities/widget_base.lua","7"
"entity_widget_bones","entity","widget_bones","widget_bones","widget_bones","Other","","entities/widget_bones.png","base","inherited_or_internal","false","{}","lua/entities/widget_bones.lua","1"
"entity_widget_disc","entity","widget_disc","widget_disc","widget_disc","Other","","entities/widget_disc.png","base","inherited_or_internal","false","{}","lua/entities/widget_disc.lua","1"
"entity_gmod_anchor","entity","gmod_anchor","gmod_anchor","World Anchor","Other","","entities/gmod_anchor.png","base","inherited_or_internal","false","{""Type"":""\""anim\"""",""PrintName"":""\""World Anchor\""""}","gamemodes/sandbox/entities/entities/gmod_anchor.lua","5"
"entity_prop_glados_core_anger","entity","prop_glados_core_anger","prop_glados_core","Anger Core","Portal","","entities/prop_glados_core_anger.png","mounted:portal","spawnmenu","false","{""NormalOffset"":""32"",""DropToFloor"":""true"",""KeyValues"":""{ CoreType = 1, DelayBetweenLines = 0.1 }""}","lua/autorun/game_hl2.lua","205"
"entity_prop_glados_core","entity","prop_glados_core","prop_glados_core","Curiosity Core","Portal","","entities/prop_glados_core.png","mounted:portal","spawnmenu","false","{""NormalOffset"":""32"",""DropToFloor"":""true"",""KeyValues"":""{ CoreType = 0, DelayBetweenLines = 0.4 }"",""PrintName"":""\""#prop_glados_core_curiosity\""""}","lua/autorun/game_hl2.lua","204"
"entity_prop_glados_core_crazy","entity","prop_glados_core_crazy","prop_glados_core","Intelligence Core","Portal","","entities/prop_glados_core_crazy.png","mounted:portal","spawnmenu","false","{""NormalOffset"":""32"",""DropToFloor"":""true"",""KeyValues"":""{ CoreType = 2, DelayBetweenLines = 0.1 }""}","lua/autorun/game_hl2.lua","206"
"entity_prop_glados_core_morality","entity","prop_glados_core_morality","prop_glados_core","Morality Core","Portal","","entities/prop_glados_core_morality.png","mounted:portal","spawnmenu","false","{""NormalOffset"":""32"",""DropToFloor"":""true"",""KeyValues"":""{ CoreType = 3 }""}","lua/autorun/game_hl2.lua","207"
"npc_npc_crow","npc","npc_crow","npc_crow","Crow","Animals","","entities/npc_crow.png","base","spawnmenu","false","{""Class"":""\""npc_crow\"""",""Category"":""#spawnmenu.category.animals"",""NoDrop"":""true""}","lua/autorun/base_npcs.lua","274"
"npc_npc_monk","npc","npc_monk","npc_monk","Father Grigori","Animals","","entities/npc_monk.png","base","spawnmenu","false","{""Class"":""\""npc_monk\"""",""Category"":""#spawnmenu.category.animals"",""Weapons"":""{ \""weapon_annabelle\"" }""}","lua/autorun/base_npcs.lua","268"
"npc_npc_pigeon","npc","npc_pigeon","npc_pigeon","Pigeon","Animals","","entities/npc_pigeon.png","base","spawnmenu","false","{""Class"":""\""npc_pigeon\"""",""Category"":""#spawnmenu.category.animals"",""NoDrop"":""true""}","lua/autorun/base_npcs.lua","280"
"npc_npc_seagull","npc","npc_seagull","npc_seagull","Seagull","Animals","","entities/npc_seagull.png","base","spawnmenu","false","{""Class"":""\""npc_seagull\"""",""Category"":""#spawnmenu.category.animals"",""NoDrop"":""true""}","lua/autorun/base_npcs.lua","286"
"npc_npc_combine_camera","npc","npc_combine_camera","npc_combine_camera","Ceiling Camera","Combine","","entities/npc_combine_camera.png","base","spawnmenu","false","{""Class"":""\""npc_combine_camera\"""",""Category"":""#spawnmenu.category.combine"",""OnCeiling"":""true"",""Offset"":""2"",""KeyValues"":""{ SquadName = \""overwatch\"" }"",""NoDrop"":""true""}","lua/autorun/base_npcs.lua","424"
"npc_npc_turret_ceiling","npc","npc_turret_ceiling","npc_turret_ceiling","Ceiling Turret","Combine","","entities/npc_turret_ceiling.png","base","spawnmenu","false","{""Class"":""\""npc_turret_ceiling\"""",""Category"":""#spawnmenu.category.combine"",""SpawnFlags"":""32"",""OnCeiling"":""true"",""Offset"":""0"",""KeyValues"":""{ SquadName = \""overwatch\"" }""}","lua/autorun/base_npcs.lua","433"
"npc_npc_cscanner","npc","npc_cscanner","npc_cscanner","City Scanner","Combine","","entities/npc_cscanner.png","base","spawnmenu","false","{""Class"":""\""npc_cscanner\"""",""Category"":""#spawnmenu.category.combine"",""Offset"":""20"",""KeyValues"":""{ SquadName = \""overwatch\"", SpotlightLength = 500, SpotlightWidth = 100 }"",""NoDrop"":""true""}","lua/autorun/base_npcs.lua","382"
"npc_npc_combinedropship","npc","npc_combinedropship","npc_combinedropship","Combine Dropship","Combine","","entities/npc_combinedropship.png","base","spawnmenu","false","{""Class"":""\""npc_combinedropship\"""",""Category"":""#spawnmenu.category.combine"",""Offset"":""300"",""Health"":""1000"",""KeyValues"":""{ SquadName = \""overwatch\"", CanTakeDamageAndDie = \""1\"" }"",""NoDrop"":""true""}","lua/autorun/base_npcs.lua","406"
"npc_combineelite","npc","CombineElite","npc_combine_s","Combine Elite Soldier","Combine","models/combine_super_soldier.mdl","entities/CombineElite.png","base","spawnmenu","false","{""Name"":""\""#npc_combine_s_elite\"""",""Class"":""\""npc_combine_s\"""",""Category"":""#spawnmenu.category.combine"",""Model"":""\""models/combine_super_soldier.mdl\"""",""Skin"":""0"",""Weapons"":""{ \""weapon_ar2\"" }"",""KeyValues"":""{ Numgrenades = 10, SquadName = \""overwatch\"" }"",""SpawnFlags"":""SF_NPC_NO_PLAYER_PUSHAWAY""}","lua/autorun/base_npcs.lua","371"
"npc_npc_combinegunship","npc","npc_combinegunship","npc_combinegunship","Combine Gunship","Combine","","entities/npc_combinegunship.png","base","spawnmenu","false","{""Class"":""\""npc_combinegunship\"""",""Category"":""#spawnmenu.category.combine"",""Offset"":""300"",""KeyValues"":""{ SquadName = \""overwatch\"" }"",""NoDrop"":""true""}","lua/autorun/base_npcs.lua","398"
"npc_npc_combine_s","npc","npc_combine_s","npc_combine_s","Combine Soldier","Combine","models/combine_soldier.mdl","entities/npc_combine_s.png","base","spawnmenu","false","{""Class"":""\""npc_combine_s\"""",""Category"":""#spawnmenu.category.combine"",""Model"":""\""models/combine_soldier.mdl\"""",""Skin"":""0"",""Weapons"":""{ \""weapon_smg1\"", \""weapon_ar2\"" }"",""KeyValues"":""{ SquadName = \""overwatch\"", Numgrenades = 5 }""}","lua/autorun/base_npcs.lua","332"
"npc_npc_turret_floor","npc","npc_turret_floor","npc_turret_floor","Combine Turret","Combine","","entities/npc_turret_floor.png","base","spawnmenu","false","{""Class"":""\""npc_turret_floor\"""",""Category"":""#spawnmenu.category.combine"",""OnFloor"":""true"",""TotalSpawnFlags"":""0"",""Rotate"":""Angle( 0, 180, 0 )"",""Offset"":""2"",""KeyValues"":""{ SquadName = \""overwatch\"" }""}","lua/autorun/base_npcs.lua","322"
"npc_npc_citizen_rebel_enemy","npc","npc_citizen_rebel_enemy","npc_citizen","Enemy Rebel","Combine","","entities/npc_citizen_rebel_enemy.png","base","spawnmenu","false","{""Class"":""\""npc_citizen\"""",""Category"":""#spawnmenu.category.combine"",""KeyValues"":""{ citizentype = CT_REBEL, SquadName = \""overwatch\"", Hostile = \""1\"" }"",""Weapons"":""{ \""weapon_pistol\"", \""weapon_smg1\"", \""weapon_ar2\"", \""weapon_shotgun\"", \""weapon_rpg\"" }""}","lua/autorun/base_npcs.lua","465"
"npc_npc_rollermine_friendly","npc","npc_rollermine_friendly","npc_rollermine","Harmless Rollermine","Combine","","entities/npc_rollermine_friendly.png","base","spawnmenu","false","{""Class"":""\""npc_rollermine\"""",""Category"":""#spawnmenu.category.combine"",""Offset"":""20"",""KeyValues"":""{ SquadName = \""overwatch\"" }"",""SpawnFlags"":""65536"",""NoDrop"":""true""}","lua/autorun/base_npcs.lua","313"
"npc_npc_hunter","npc","npc_hunter","npc_hunter","Hunter","Combine","","entities/npc_hunter.png","base","spawnmenu","false","{""Class"":""\""npc_hunter\"""",""Category"":""#spawnmenu.category.combine"",""KeyValues"":""{ SquadName = \""overwatch\"" }""}","lua/autorun/base_npcs.lua","472"
"npc_npc_helicopter","npc","npc_helicopter","npc_helicopter","Hunter-Chopper","Combine","","entities/npc_helicopter.png","base","spawnmenu","false","{""Class"":""\""npc_helicopter\"""",""Category"":""#spawnmenu.category.combine"",""Offset"":""300"",""Health"":""600"",""KeyValues"":""{ SquadName = \""overwatch\"" }"",""NoDrop"":""true""}","lua/autorun/base_npcs.lua","415"
"npc_npc_manhack","npc","npc_manhack","npc_manhack","Manhack","Combine","","entities/npc_manhack.png","base","spawnmenu","false","{""Class"":""\""npc_manhack\"""",""Category"":""#spawnmenu.category.combine"",""KeyValues"":""{ SquadName = \""overwatch\"" }"",""NoDrop"":""true""}","lua/autorun/base_npcs.lua","456"
"npc_npc_metropolice","npc","npc_metropolice","npc_metropolice","Metro-Police","Combine","","entities/npc_metropolice.png","base","spawnmenu","false","{""Class"":""\""npc_metropolice\"""",""Category"":""#spawnmenu.category.combine"",""Weapons"":""{ \""weapon_stunstick\"", \""weapon_pistol\"", \""weapon_smg1\"" }"",""SpawnFlags"":""SF_NPC_DROP_HEALTHKIT"",""KeyValues"":""{ SquadName = \""overwatch\"" }""}","lua/autorun/base_npcs.lua","296"
"npc_combineprison","npc","CombinePrison","npc_combine_s","Nova Prospekt Guard","Combine","models/combine_soldier_prisonguard.mdl","entities/CombinePrison.png","base","spawnmenu","false","{""Name"":""\""#npc_combine_s_prison\"""",""Class"":""\""npc_combine_s\"""",""Category"":""#spawnmenu.category.combine"",""Model"":""\""models/combine_soldier_prisonguard.mdl\"""",""Skin"":""0"",""Weapons"":""{ \""weapon_smg1\"", \""weapon_ar2\"" }"",""KeyValues"":""{ SquadName = \""novaprospekt\"", Numgrenades = 5 }""}","lua/autorun/base_npcs.lua","351"
"npc_prisonshotgunner","npc","PrisonShotgunner","npc_combine_s","Prison Shotgun Guard","Combine","models/combine_soldier_prisonguard.mdl","entities/PrisonShotgunner.png","base","spawnmenu","false","{""Name"":""\""#npc_combine_s_prison_shotgun\"""",""Class"":""\""npc_combine_s\"""",""Category"":""#spawnmenu.category.combine"",""Model"":""\""models/combine_soldier_prisonguard.mdl\"""",""Skin"":""1"",""Weapons"":""{ \""weapon_shotgun\"" }"",""KeyValues"":""{ SquadName = \""novaprospekt\"", Numgrenades = 5 }""}","lua/autorun/base_npcs.lua","361"
"npc_npc_rollermine","npc","npc_rollermine","npc_rollermine","Rollermine","Combine","","entities/npc_rollermine.png","base","spawnmenu","false","{""Class"":""\""npc_rollermine\"""",""Category"":""#spawnmenu.category.combine"",""Offset"":""20"",""KeyValues"":""{ SquadName = \""overwatch\"" }"",""NoDrop"":""true""}","lua/autorun/base_npcs.lua","304"
"npc_npc_clawscanner","npc","npc_clawscanner","npc_clawscanner","Shield Scanner","Combine","","entities/npc_clawscanner.png","base","spawnmenu","false","{""Class"":""\""npc_clawscanner\"""",""Category"":""#spawnmenu.category.combine"",""Offset"":""20"",""KeyValues"":""{ SquadName = \""overwatch\"", SpotlightLength = 500, SpotlightWidth = 100 }"",""NoDrop"":""true""}","lua/autorun/base_npcs.lua","390"
"npc_shotgunsoldier","npc","ShotgunSoldier","npc_combine_s","Shotgun Soldier","Combine","models/combine_soldier.mdl","entities/ShotgunSoldier.png","base","spawnmenu","false","{""Name"":""\""#npc_combine_s_shotgun\"""",""Class"":""\""npc_combine_s\"""",""Category"":""#spawnmenu.category.combine"",""Model"":""\""models/combine_soldier.mdl\"""",""Skin"":""1"",""Weapons"":""{ \""weapon_shotgun\"" }"",""KeyValues"":""{ SquadName = \""overwatch\"", Numgrenades = 5 }""}","lua/autorun/base_npcs.lua","341"
"npc_npc_stalker","npc","npc_stalker","npc_stalker","Stalker","Combine","","entities/npc_stalker.png","base","spawnmenu","false","{""Class"":""\""npc_stalker\"""",""Category"":""#spawnmenu.category.combine"",""KeyValues"":""{ SquadName = \""npc_stalker_squad\"" }"",""Offset"":""10""}","lua/autorun/base_npcs.lua","449"
"npc_npc_strider","npc","npc_strider","npc_strider","Strider","Combine","","entities/npc_strider.png","base","spawnmenu","false","{""Class"":""\""npc_strider\"""",""Category"":""#spawnmenu.category.combine"",""Offset"":""100"",""KeyValues"":""{ SquadName = \""overwatch\"" }""}","lua/autorun/base_npcs.lua","442"
"npc_monster_alien_controller","npc","monster_alien_controller","monster_alien_controller","Alien Controller","Half-Life: Source","","entities/monster_alien_controller.png","mounted:hl1_or_hl1mp","spawnmenu","false","{""Class"":""\""monster_alien_controller\"""",""Category"":""Half-Life: Source"",""NoDrop"":""true""}","lua/autorun/base_npcs.lua","499"
"npc_monster_alien_grunt","npc","monster_alien_grunt","monster_alien_grunt","Alien Grunt","Half-Life: Source","","entities/monster_alien_grunt.png","mounted:hl1_or_hl1mp","spawnmenu","false","{""Class"":""\""monster_alien_grunt\"""",""Category"":""Half-Life: Source""}","lua/autorun/base_npcs.lua","482"
"npc_monster_babycrab","npc","monster_babycrab","monster_babycrab","Baby Headcrab","Half-Life: Source","","entities/monster_babycrab.png","mounted:hl1_or_hl1mp","spawnmenu","false","{""Class"":""\""monster_babycrab\"""",""Category"":""Half-Life: Source""}","lua/autorun/base_npcs.lua","490"
"npc_monster_human_assassin","npc","monster_human_assassin","monster_human_assassin","Black-Ops Assassin","Half-Life: Source","","entities/monster_human_assassin.png","mounted:hl1_or_hl1mp","spawnmenu","false","{""Class"":""\""monster_human_assassin\"""",""Category"":""Half-Life: Source""}","lua/autorun/base_npcs.lua","489"
"npc_monster_bullchicken","npc","monster_bullchicken","monster_bullchicken","Bullsquid","Half-Life: Source","","entities/monster_bullchicken.png","mounted:hl1_or_hl1mp","spawnmenu","false","{""Class"":""\""monster_bullchicken\"""",""Category"":""Half-Life: Source""}","lua/autorun/base_npcs.lua","487"
"npc_monster_headcrab","npc","monster_headcrab","monster_headcrab","Classic Headcrab","Half-Life: Source","","entities/monster_headcrab.png","mounted:hl1_or_hl1mp","spawnmenu","false","{""Class"":""\""monster_headcrab\"""",""Category"":""Half-Life: Source""}","lua/autorun/base_npcs.lua","498"
"npc_monster_alien_slave","npc","monster_alien_slave","monster_alien_slave","Classic Vortigaunt","Half-Life: Source","","entities/monster_alien_slave.png","mounted:hl1_or_hl1mp","spawnmenu","false","{""Class"":""\""monster_alien_slave\"""",""Category"":""Half-Life: Source""}","lua/autorun/base_npcs.lua","485"
"npc_monster_zombie","npc","monster_zombie","monster_zombie","Classic Zombie","Half-Life: Source","","entities/monster_zombie.png","mounted:hl1_or_hl1mp","spawnmenu","false","{""Class"":""\""monster_zombie\"""",""Category"":""Half-Life: Source""}","lua/autorun/base_npcs.lua","497"
"npc_monster_cockroach","npc","monster_cockroach","monster_cockroach","Cockroach","Half-Life: Source","","entities/monster_cockroach.png","mounted:hl1_or_hl1mp","spawnmenu","false","{""Class"":""\""monster_cockroach\"""",""Category"":""Half-Life: Source""}","lua/autorun/base_npcs.lua","493"
"npc_monster_gargantua","npc","monster_gargantua","monster_gargantua","Gargantua","Half-Life: Source","","entities/monster_gargantua.png","mounted:hl1_or_hl1mp","spawnmenu","false","{""Class"":""\""monster_gargantua\"""",""Category"":""Half-Life: Source""}","lua/autorun/base_npcs.lua","488"
"npc_monster_bigmomma","npc","monster_bigmomma","monster_bigmomma","Gonarch","Half-Life: Source","","entities/monster_bigmomma.png","mounted:hl1_or_hl1mp","spawnmenu","false","{""Class"":""\""monster_bigmomma\"""",""Category"":""Half-Life: Source""}","lua/autorun/base_npcs.lua","486"
"npc_monster_human_grunt","npc","monster_human_grunt","monster_human_grunt","H.E.C.U. Grunt","Half-Life: Source","","entities/monster_human_grunt.png","mounted:hl1_or_hl1mp","spawnmenu","false","{""Class"":""\""monster_human_grunt\"""",""Category"":""Half-Life: Source""}","lua/autorun/base_npcs.lua","491"
"npc_monster_turret","npc","monster_turret","monster_turret","Heavy Turret","Half-Life: Source","","entities/monster_turret.png","mounted:hl1_or_hl1mp","spawnmenu","false","{""Class"":""\""monster_turret\"""",""Category"":""Half-Life: Source"",""Offset"":""0"",""OnCeiling"":""turretOnCeiling"",""OnFloor"":""true"",""SpawnFlags"":""32"",""OnDuplicated"":""turretOnDupe""}","lua/autorun/base_npcs.lua","506"
"npc_monster_houndeye","npc","monster_houndeye","monster_houndeye","Houndeye","Half-Life: Source","","entities/monster_houndeye.png","mounted:hl1_or_hl1mp","spawnmenu","false","{""Class"":""\""monster_houndeye\"""",""Category"":""Half-Life: Source""}","lua/autorun/base_npcs.lua","494"
"npc_monster_miniturret","npc","monster_miniturret","monster_miniturret","Mini Turret","Half-Life: Source","","entities/monster_miniturret.png","mounted:hl1_or_hl1mp","spawnmenu","false","{""Class"":""\""monster_miniturret\"""",""Category"":""Half-Life: Source"",""Offset"":""0"",""OnCeiling"":""turretOnCeiling"",""OnFloor"":""true"",""SpawnFlags"":""32"",""OnDuplicated"":""turretOnDupe""}","lua/autorun/base_npcs.lua","507"
"npc_monster_nihilanth","npc","monster_nihilanth","monster_nihilanth","Nihilanth","Half-Life: Source","","entities/monster_nihilanth.png","mounted:hl1_or_hl1mp","spawnmenu","false","{""Class"":""\""monster_nihilanth\"""",""Category"":""Half-Life: Source"",""Offset"":""1200"",""SpawnFlags"":""262144"",""NoDrop"":""true""}","lua/autorun/base_npcs.lua","483"
"npc_monster_scientist","npc","monster_scientist","monster_scientist","Scientist","Half-Life: Source","","entities/monster_scientist.png","mounted:hl1_or_hl1mp","spawnmenu","false","{""Class"":""\""monster_scientist\"""",""Category"":""Half-Life: Source"",""KeyValues"":""{ body = \""-1\"" }""}","lua/autorun/base_npcs.lua","495"
"npc_monster_barney","npc","monster_barney","monster_barney","Security Officer","Half-Life: Source","","entities/monster_barney.png","mounted:hl1_or_hl1mp","spawnmenu","false","{""Class"":""\""monster_barney\"""",""Category"":""Half-Life: Source""}","lua/autorun/base_npcs.lua","500"
"npc_monster_sentry","npc","monster_sentry","monster_sentry","Sentry Gun","Half-Life: Source","","entities/monster_sentry.png","mounted:hl1_or_hl1mp","spawnmenu","false","{""Class"":""\""monster_sentry\"""",""Category"":""Half-Life: Source"",""Offset"":""0"",""OnFloor"":""true"",""SpawnFlags"":""32""}","lua/autorun/base_npcs.lua","508"
"npc_monster_snark","npc","monster_snark","monster_snark","Snark","Half-Life: Source","","entities/monster_snark.png","mounted:hl1_or_hl1mp","spawnmenu","false","{""Class"":""\""monster_snark\"""",""Category"":""Half-Life: Source"",""Offset"":""6"",""NoDrop"":""true""}","lua/autorun/base_npcs.lua","496"
"npc_monster_tentacle","npc","monster_tentacle","monster_tentacle","Tentacle","Half-Life: Source","","entities/monster_tentacle.png","mounted:hl1_or_hl1mp","spawnmenu","false","{""Class"":""\""monster_tentacle\"""",""Category"":""Half-Life: Source""}","lua/autorun/base_npcs.lua","484"
"npc_npc_alyx","npc","npc_alyx","npc_alyx","Alyx Vance","Humans + Resistance","","entities/npc_alyx.png","base","spawnmenu","false","{""Class"":""\""npc_alyx\"""",""Category"":""#spawnmenu.category.humans_resistance"",""Weapons"":""{ \""weapon_alyxgun\"", \""weapon_smg1\"", \""weapon_shotgun\"" }"",""KeyValues"":""{ SquadName = \""resistance\"" }""}","lua/autorun/base_npcs.lua","16"
"npc_npc_barney","npc","npc_barney","npc_barney","Barney Calhoun","Humans + Resistance","","entities/npc_barney.png","base","spawnmenu","false","{""Class"":""\""npc_barney\"""",""Category"":""#spawnmenu.category.humans_resistance"",""Weapons"":""{ \""weapon_smg1\"", \""weapon_shotgun\"", \""weapon_ar2\"" }"",""KeyValues"":""{ SquadName = \""resistance\"" }""}","lua/autorun/base_npcs.lua","23"
"npc_npc_citizen","npc","npc_citizen","npc_citizen","Citizen","Humans + Resistance","","entities/npc_citizen.png","base","spawnmenu","false","{""Class"":""\""npc_citizen\"""",""Category"":""#spawnmenu.category.humans_resistance"",""KeyValues"":""{ citizentype = CT_DOWNTRODDEN, SquadName = \""resistance\"" }"",""Weapons"":""{ \""\"" }""}","lua/autorun/base_npcs.lua","80"
"npc_npc_dog","npc","npc_dog","npc_dog","Dog","Humans + Resistance","","entities/npc_dog.png","base","spawnmenu","false","{""Class"":""\""npc_dog\"""",""Category"":""#spawnmenu.category.humans_resistance""}","lua/autorun/base_npcs.lua","37"
"npc_npc_magnusson","npc","npc_magnusson","npc_magnusson","Dr. Arne Magnusson","Humans + Resistance","","entities/npc_magnusson.png","base","spawnmenu","false","{""Class"":""\""npc_magnusson\"""",""Category"":""#spawnmenu.category.humans_resistance"",""Weapons"":""{ \""\"" }""}","lua/autorun/base_npcs.lua","129"
"npc_npc_kleiner","npc","npc_kleiner","npc_kleiner","Dr. Isaac Kleiner","Humans + Resistance","","entities/npc_kleiner.png","base","spawnmenu","false","{""Class"":""\""npc_kleiner\"""",""Category"":""#spawnmenu.category.humans_resistance"",""Weapons"":""{ \""\"" }""}","lua/autorun/base_npcs.lua","54"
"npc_npc_mossman","npc","npc_mossman","npc_mossman","Dr. Judith Mossman","Humans + Resistance","","entities/npc_mossman.png","base","spawnmenu","false","{""Class"":""\""npc_mossman\"""",""Category"":""#spawnmenu.category.humans_resistance"",""Weapons"":""{ \""\"" }""}","lua/autorun/base_npcs.lua","60"
"npc_npc_eli","npc","npc_eli","npc_eli","Eli Vance","Humans + Resistance","","entities/npc_eli.png","base","spawnmenu","false","{""Class"":""\""npc_eli\"""",""Category"":""#spawnmenu.category.humans_resistance"",""Weapons"":""{ \""\"" }""}","lua/autorun/base_npcs.lua","42"
"npc_npc_fisherman","npc","npc_fisherman","npc_fisherman","Fisherman","Humans + Resistance","","entities/npc_fisherman.png","mounted:lostcoast","spawnmenu","false","{""Class"":""\""npc_fisherman\"""",""Category"":""#spawnmenu.category.humans_resistance"",""Weapons"":""{ \""weapon_oldmanharpoon\"" }""}","lua/autorun/base_npcs.lua","136"
"npc_npc_gman","npc","npc_gman","npc_gman","G-Man","Humans + Resistance","","entities/npc_gman.png","base","spawnmenu","false","{""Class"":""\""npc_gman\"""",""Category"":""#spawnmenu.category.humans_resistance""}","lua/autorun/base_npcs.lua","48"
"npc_npc_manhack_hacked","npc","npc_manhack_hacked","npc_manhack","Hacked Manhack","Humans + Resistance","","entities/npc_manhack_hacked.png","base","spawnmenu","false","{""Class"":""\""npc_manhack\"""",""Category"":""#spawnmenu.category.humans_resistance"",""KeyValues"":""{ SquadName = \""resistance\"" }"",""SpawnFlags"":""2097152"",""NoDrop"":""true""}","lua/autorun/base_npcs.lua","162"
"npc_npc_rollermine_hacked","npc","npc_rollermine_hacked","npc_rollermine","Hacked Rollermine","Humans + Resistance","","entities/npc_rollermine_hacked.png","base","spawnmenu","false","{""Class"":""\""npc_rollermine\"""",""Category"":""#spawnmenu.category.humans_resistance"",""Offset"":""20"",""KeyValues"":""{ SquadName = \""resistance\"" }"",""SpawnFlags"":""262144"",""NoDrop"":""true""}","lua/autorun/base_npcs.lua","153"
"npc_npc_odessa","npc","npc_odessa","npc_citizen","Odessa Cubbage","Humans + Resistance","models/odessa.mdl","entities/npc_odessa.png","base","spawnmenu","false","{""Class"":""\""npc_citizen\"""",""Category"":""#spawnmenu.category.humans_resistance"",""Model"":""\""models/odessa.mdl\"""",""KeyValues"":""{ citizentype = CT_UNIQUE, SquadName = \""resistance\"" }"",""Weapons"":""{ \""\"" }""}","lua/autorun/base_npcs.lua","96"
"npc_rebel","npc","Rebel","npc_citizen","Rebel","Humans + Resistance","","entities/Rebel.png","base","spawnmenu","false","{""Name"":""\""#npc_citizen_rebel\"""",""Class"":""\""npc_citizen\"""",""Category"":""#spawnmenu.category.humans_resistance"",""SpawnFlags"":""SF_CITIZEN_RANDOM_HEAD"",""KeyValues"":""{ citizentype = CT_REBEL, SquadName = \""resistance\"" }"",""Weapons"":""{ \""weapon_pistol\"", \""weapon_smg1\"", \""weapon_ar2\"", \""weapon_shotgun\"", \""weapon_rpg\"" }""}","lua/autorun/base_npcs.lua","87"
"npc_medic","npc","Medic","npc_citizen","Rebel Medic","Humans + Resistance","","entities/Medic.png","base","spawnmenu","false","{""Name"":""\""#npc_citizen_medic\"""",""Class"":""\""npc_citizen\"""",""Category"":""#spawnmenu.category.humans_resistance"",""SpawnFlags"":""SERVER and bit.bor( SF_NPC_DROP_HEALTHKIT, SF_CITIZEN_MEDIC ) or nil"",""KeyValues"":""{ citizentype = CT_REBEL, SquadName = \""resistance\"" }"",""Weapons"":""{ \""weapon_pistol\"", \""weapon_smg1\"", \""weapon_ar2\"" }""}","lua/autorun/base_npcs.lua","104"
"npc_refugee","npc","Refugee","npc_citizen","Refugee","Humans + Resistance","","entities/Refugee.png","base","spawnmenu","false","{""Name"":""\""#npc_citizen_refugee\"""",""Class"":""\""npc_citizen\"""",""Category"":""#spawnmenu.category.humans_resistance"",""KeyValues"":""{ citizentype = CT_REFUGEE, SquadName = \""resistance\"" }"",""Weapons"":""{ \""weapon_pistol\"", \""weapon_smg1\"" }""}","lua/autorun/base_npcs.lua","113"
"npc_npc_turret_floor_resistance","npc","npc_turret_floor_resistance","npc_turret_floor","Resistance Turret","Humans + Resistance","","entities/npc_turret_floor_resistance.png","base","spawnmenu","false","{""Class"":""\""npc_turret_floor\"""",""Category"":""#spawnmenu.category.humans_resistance"",""OnFloor"":""true"",""TotalSpawnFlags"":""SF_FLOOR_TURRET_CITIZEN"",""Rotate"":""Angle( 0, 180, 0 )"",""Offset"":""2"",""KeyValues"":""{ SquadName = \""resistance\"" }""}","lua/autorun/base_npcs.lua","143"
"npc_vortigaunturiah","npc","VortigauntUriah","npc_vortigaunt","Uriah","Humans + Resistance","models/vortigaunt_doctor.mdl","entities/VortigauntUriah.png","base","spawnmenu","false","{""Name"":""\""#npc_vortigaunt_uriah\"""",""Class"":""\""npc_vortigaunt\"""",""Category"":""#spawnmenu.category.humans_resistance"",""Model"":""\""models/vortigaunt_doctor.mdl\"""",""KeyValues"":""{ SquadName = \""resistance\"" }""}","lua/autorun/base_npcs.lua","121"
"npc_npc_vortigaunt","npc","npc_vortigaunt","npc_vortigaunt","Vortigaunt","Humans + Resistance","","entities/npc_vortigaunt.png","base","spawnmenu","false","{""Class"":""\""npc_vortigaunt\"""",""Category"":""#spawnmenu.category.humans_resistance"",""KeyValues"":""{ SquadName = \""resistance\"" }""}","lua/autorun/base_npcs.lua","67"
"npc_vortigauntslave","npc","VortigauntSlave","npc_vortigaunt","Vortigaunt Slave","Humans + Resistance","models/vortigaunt_slave.mdl","entities/VortigauntSlave.png","base","spawnmenu","false","{""Name"":""\""#npc_vortigaunt_slave\"""",""Class"":""\""npc_vortigaunt\"""",""Category"":""#spawnmenu.category.humans_resistance"",""Model"":""\""models/vortigaunt_slave.mdl\""""}","lua/autorun/base_npcs.lua","73"
"npc_npc_breen","npc","npc_breen","npc_breen","Wallace Breen","Humans + Resistance","","entities/npc_breen.png","base","spawnmenu","false","{""Class"":""\""npc_breen\"""",""Category"":""#spawnmenu.category.humans_resistance"",""SpawnFlags"":""131072"",""Weapons"":""{ \""\"" }""}","lua/autorun/base_npcs.lua","30"
"npc_npc_rocket_turret","npc","npc_rocket_turret","npc_rocket_turret","Rocket Turret","Portal","","entities/npc_rocket_turret.png","mounted:portal","spawnmenu","false","{""Class"":""\""npc_rocket_turret\"""",""Category"":""Portal"",""OnFloor"":""true"",""SpawnFlags"":""2"",""Offset"":""0"",""Rotate"":""Angle( 0, 180, 0 )""}","lua/autorun/base_npcs.lua","525"
"npc_npc_security_camera","npc","npc_security_camera","npc_security_camera","Security Camera","Portal","","entities/npc_security_camera.png","mounted:portal","spawnmenu","false","{""Class"":""\""npc_security_camera\"""",""Category"":""Portal"",""Offset"":""-1"",""SpawnFlags"":""32"",""SnapToNormal"":""true"",""NoDrop"":""true""}","lua/autorun/base_npcs.lua","534"
"npc_npc_portal_turret_floor","npc","npc_portal_turret_floor","npc_portal_turret_floor","Sentry Turret","Portal","","entities/npc_portal_turret_floor.png","mounted:portal","spawnmenu","false","{""Class"":""\""npc_portal_turret_floor\"""",""Category"":""Portal"",""OnFloor"":""true"",""Rotate"":""Angle( 0, 180, 0 )"",""Offset"":""2"",""TotalSpawnFlags"":""0""}","lua/autorun/base_npcs.lua","516"
"npc_npc_antlion","npc","npc_antlion","npc_antlion","Antlion","Zombies + Enemy Aliens","","entities/npc_antlion.png","base","spawnmenu","false","{""Class"":""\""npc_antlion\"""",""Category"":""#spawnmenu.category.zombies_aliens"",""KeyValues"":""{ SquadName = \""antlions\"" }""}","lua/autorun/base_npcs.lua","190"
"npc_npc_antlion_grub","npc","npc_antlion_grub","npc_antlion_grub","Antlion Grub","Zombies + Enemy Aliens","","entities/npc_antlion_grub.png","base","spawnmenu","false","{""Class"":""\""npc_antlion_grub\"""",""Category"":""#spawnmenu.category.zombies_aliens"",""NoDrop"":""true"",""Offset"":""1""}","lua/autorun/base_npcs.lua","251"
"npc_npc_antlionguard","npc","npc_antlionguard","npc_antlionguard","Antlion Guard","Zombies + Enemy Aliens","","entities/npc_antlionguard.png","base","spawnmenu","false","{""Class"":""\""npc_antlionguard\"""",""Category"":""#spawnmenu.category.zombies_aliens"",""KeyValues"":""{ SquadName = \""antlions\"" }""}","lua/autorun/base_npcs.lua","196"
"npc_npc_antlionguardian","npc","npc_antlionguardian","npc_antlionguard","Antlion Guardian","Zombies + Enemy Aliens","","entities/npc_antlionguardian.png","base","spawnmenu","false","{""Class"":""\""npc_antlionguard\"""",""Category"":""#spawnmenu.category.zombies_aliens"",""KeyValues"":""{ cavernbreed = 1, incavern = 1, SquadName = \""antlions\"" }""}","lua/autorun/base_npcs.lua","245"
"npc_npc_antlion_worker","npc","npc_antlion_worker","npc_antlion_worker","Antlion Worker","Zombies + Enemy Aliens","","entities/npc_antlion_worker.png","base","spawnmenu","false","{""Class"":""\""npc_antlion_worker\"""",""Category"":""#spawnmenu.category.zombies_aliens"",""KeyValues"":""{ SquadName = \""antlions\"" }""}","lua/autorun/base_npcs.lua","258"
"npc_npc_barnacle","npc","npc_barnacle","npc_barnacle","Barnacle","Zombies + Enemy Aliens","","entities/npc_barnacle.png","base","spawnmenu","false","{""Class"":""\""npc_barnacle\"""",""Category"":""#spawnmenu.category.zombies_aliens"",""OnCeiling"":""true"",""Offset"":""2""}","lua/autorun/base_npcs.lua","202"
"npc_npc_headcrab_fast","npc","npc_headcrab_fast","npc_headcrab_fast","Fast Headcrab","Zombies + Enemy Aliens","","entities/npc_headcrab_fast.png","base","spawnmenu","false","{""Class"":""\""npc_headcrab_fast\"""",""Category"":""#spawnmenu.category.zombies_aliens"",""KeyValues"":""{ SquadName = \""zombies\"" }""}","lua/autorun/base_npcs.lua","227"
"npc_npc_fastzombie","npc","npc_fastzombie","npc_fastzombie","Fast Zombie","Zombies + Enemy Aliens","","entities/npc_fastzombie.png","base","spawnmenu","false","{""Class"":""\""npc_fastzombie\"""",""Category"":""#spawnmenu.category.zombies_aliens"",""KeyValues"":""{ SquadName = \""zombies\"" }""}","lua/autorun/base_npcs.lua","209"
"npc_npc_fastzombie_torso","npc","npc_fastzombie_torso","npc_fastzombie_torso","Fast Zombie Torso","Zombies + Enemy Aliens","","entities/npc_fastzombie_torso.png","base","spawnmenu","false","{""Class"":""\""npc_fastzombie_torso\"""",""Category"":""#spawnmenu.category.zombies_aliens"",""KeyValues"":""{ SquadName = \""zombies\"" }""}","lua/autorun/base_npcs.lua","233"
"npc_npc_headcrab","npc","npc_headcrab","npc_headcrab","Headcrab","Zombies + Enemy Aliens","","entities/npc_headcrab.png","base","spawnmenu","false","{""Class"":""\""npc_headcrab\"""",""Category"":""#spawnmenu.category.zombies_aliens"",""KeyValues"":""{ SquadName = \""zombies\"" }""}","lua/autorun/base_npcs.lua","215"
"npc_npc_headcrab_black","npc","npc_headcrab_black","npc_headcrab_black","Poison Headcrab","Zombies + Enemy Aliens","","entities/npc_headcrab_black.png","base","spawnmenu","false","{""Class"":""\""npc_headcrab_black\"""",""Category"":""#spawnmenu.category.zombies_aliens"",""KeyValues"":""{ SquadName = \""poison\"" }""}","lua/autorun/base_npcs.lua","221"
"npc_npc_poisonzombie","npc","npc_poisonzombie","npc_poisonzombie","Poison Zombie","Zombies + Enemy Aliens","","entities/npc_poisonzombie.png","base","spawnmenu","false","{""Class"":""\""npc_poisonzombie\"""",""Category"":""#spawnmenu.category.zombies_aliens"",""KeyValues"":""{ SquadName = \""poison\"" }""}","lua/autorun/base_npcs.lua","184"
"npc_npc_zombie","npc","npc_zombie","npc_zombie","Zombie","Zombies + Enemy Aliens","","entities/npc_zombie.png","base","spawnmenu","false","{""Class"":""\""npc_zombie\"""",""Category"":""#spawnmenu.category.zombies_aliens"",""KeyValues"":""{ SquadName = \""zombies\"" }""}","lua/autorun/base_npcs.lua","172"
"npc_npc_zombie_torso","npc","npc_zombie_torso","npc_zombie_torso","Zombie Torso","Zombies + Enemy Aliens","","entities/npc_zombie_torso.png","base","spawnmenu","false","{""Class"":""\""npc_zombie_torso\"""",""Category"":""#spawnmenu.category.zombies_aliens"",""KeyValues"":""{ SquadName = \""zombies\"" }""}","lua/autorun/base_npcs.lua","178"
"npc_npc_zombine","npc","npc_zombine","npc_zombine","Zombine","Zombies + Enemy Aliens","","entities/npc_zombine.png","base","spawnmenu","false","{""Class"":""\""npc_zombine\"""",""Category"":""#spawnmenu.category.zombies_aliens"",""KeyValues"":""{ SquadName = \""zombies\"" }""}","lua/autorun/base_npcs.lua","239"
"vehicle_seat_airboat","vehicle","Seat_Airboat","prop_vehicle_prisoner_pod","Airboat Seat","Chairs","models/nova/airboat_seat.mdl","entities/Seat_Airboat.png","base","spawnmenu","false","{""Name"":""\""#spawnmenu.seat.airboat\"""",""Model"":""\""models/nova/airboat_seat.mdl\"""",""Class"":""\""prop_vehicle_prisoner_pod\"""",""Category"":""#spawnmenu.category.chairs"",""Author"":""\""VALVe\"""",""Information"":""\""A seat from VALVe\u0027s Airboat\"""",""KeyValues"":""{ vehiclescript = \""scripts/vehicles/prisoner_pod.txt\"", limitview = \""0\"" }"",""Members"":""{ HandleAnimation = HandleRollercoasterAnimation, }""}","lua/autorun/base_vehicles.lua","184"
"vehicle_chair_office2","vehicle","Chair_Office2","prop_vehicle_prisoner_pod","Big Office Chair","Chairs","models/nova/chair_office02.mdl","entities/Chair_Office2.png","base","spawnmenu","false","{""Name"":""\""#spawnmenu.chair.office_big\"""",""Model"":""\""models/nova/chair_office02.mdl\"""",""Class"":""\""prop_vehicle_prisoner_pod\"""",""Category"":""#spawnmenu.category.chairs"",""Author"":""\""VALVe\"""",""Information"":""\""A big office chair\"""",""KeyValues"":""{ vehiclescript = \""scripts/vehicles/prisoner_pod.txt\"", limitview = \""0\"" }"",""Members"":""{ HandleAnimation = HandleRollercoasterAnimation, }""}","lua/autorun/base_vehicles.lua","148"
"vehicle_phx_seat3","vehicle","phx_seat3","prop_vehicle_prisoner_pod","Car Seat (Airboat)","Chairs","models/props_phx/carseat2.mdl","entities/phx_seat3.png","base","spawnmenu","false","{""Name"":""\""#spawnmenu.seat.simple_airboat\"""",""Model"":""\""models/props_phx/carseat2.mdl\"""",""Class"":""\""prop_vehicle_prisoner_pod\"""",""Category"":""#spawnmenu.category.chairs"",""Author"":""\""PhoeniX-Storms\"""",""Information"":""\""PHX Airboat Seat with Airboat animations\"""",""Offset"":""16"",""KeyValues"":""{ vehiclescript = \""scripts/vehicles/prisoner_pod.txt\"", limitview = \""0\"" }"",""Members"":""{ HandleAnimation = HandlePHXAirboatAnimation, }""}","lua/autorun/base_vehicles.lua","270"
"vehicle_phx_seat2","vehicle","phx_seat2","prop_vehicle_prisoner_pod","Car Seat (Jeep)","Chairs","models/props_phx/carseat3.mdl","entities/phx_seat2.png","base","spawnmenu","false","{""Name"":""\""#spawnmenu.seat.simple_jeep\"""",""Model"":""\""models/props_phx/carseat3.mdl\"""",""Class"":""\""prop_vehicle_prisoner_pod\"""",""Category"":""#spawnmenu.category.chairs"",""Author"":""\""PhoeniX-Storms\"""",""Information"":""\""PHX Airboat Seat with Jeep animations\"""",""Offset"":""16"",""KeyValues"":""{ vehiclescript = \""scripts/vehicles/prisoner_pod.txt\"", limitview = \""0\"" }"",""Members"":""{ HandleAnimation = HandlePHXVehicleAnimation, }""}","lua/autorun/base_vehicles.lua","251"
"vehicle_phx_seat","vehicle","phx_seat","prop_vehicle_prisoner_pod","Car Seat (Sit)","Chairs","models/props_phx/carseat2.mdl","entities/phx_seat.png","base","spawnmenu","false","{""Name"":""\""#spawnmenu.seat.simple_sit\"""",""Model"":""\""models/props_phx/carseat2.mdl\"""",""Class"":""\""prop_vehicle_prisoner_pod\"""",""Category"":""#spawnmenu.category.chairs"",""Author"":""\""PhoeniX-Storms\"""",""Information"":""\""PHX Airboat Seat with Sitting Animation\"""",""Offset"":""16"",""KeyValues"":""{ vehiclescript = \""scripts/vehicles/prisoner_pod.txt\"", limitview = \""0\"" }"",""Members"":""{ HandleAnimation = HandlePHXSeatAnimation, }""}","lua/autorun/base_vehicles.lua","232"
"vehicle_seat_jalopy","vehicle","Seat_Jalopy","prop_vehicle_prisoner_pod","Jalopy Seat","Chairs","models/nova/jalopy_seat.mdl","entities/Seat_Jalopy.png","base","spawnmenu","false","{""Name"":""\""#spawnmenu.seat.jalopy\"""",""Model"":""\""models/nova/jalopy_seat.mdl\"""",""Class"":""\""prop_vehicle_prisoner_pod\"""",""Category"":""#spawnmenu.category.chairs"",""Author"":""\""VALVe\"""",""Information"":""\""A seat from VALVe\u0027s Jalopy\"""",""KeyValues"":""{ vehiclescript = \""scripts/vehicles/prisoner_pod.txt\"", limitview = \""0\"" }"",""Members"":""{ HandleAnimation = HandleRollercoasterAnimation, }""}","lua/autorun/base_vehicles.lua","202"
"vehicle_seat_jeep","vehicle","Seat_Jeep","prop_vehicle_prisoner_pod","Jeep Seat","Chairs","models/nova/jeep_seat.mdl","entities/Seat_Jeep.png","base","spawnmenu","false","{""Name"":""\""#spawnmenu.seat.jeep\"""",""Model"":""\""models/nova/jeep_seat.mdl\"""",""Class"":""\""prop_vehicle_prisoner_pod\"""",""Category"":""#spawnmenu.category.chairs"",""Author"":""\""VALVe\"""",""Information"":""\""A seat from VALVe\u0027s Jeep\"""",""KeyValues"":""{ vehiclescript = \""scripts/vehicles/prisoner_pod.txt\"", limitview = \""0\"" }"",""Members"":""{ HandleAnimation = HandleRollercoasterAnimation, }""}","lua/autorun/base_vehicles.lua","166"
"vehicle_chair_office1","vehicle","Chair_Office1","prop_vehicle_prisoner_pod","Office Chair","Chairs","models/nova/chair_office01.mdl","entities/Chair_Office1.png","base","spawnmenu","false","{""Name"":""\""#spawnmenu.chair.office\"""",""Model"":""\""models/nova/chair_office01.mdl\"""",""Class"":""\""prop_vehicle_prisoner_pod\"""",""Category"":""#spawnmenu.category.chairs"",""Author"":""\""VALVe\"""",""Information"":""\""A small office chair\"""",""KeyValues"":""{ vehiclescript = \""scripts/vehicles/prisoner_pod.txt\"", limitview = \""0\"" }"",""Members"":""{ HandleAnimation = HandleRollercoasterAnimation, }""}","lua/autorun/base_vehicles.lua","130"
"vehicle_chair_plastic","vehicle","Chair_Plastic","prop_vehicle_prisoner_pod","Plastic Chair","Chairs","models/nova/chair_plastic01.mdl","entities/Chair_Plastic.png","base","spawnmenu","false","{""Name"":""\""#spawnmenu.chair.plastic\"""",""Model"":""\""models/nova/chair_plastic01.mdl\"""",""Class"":""\""prop_vehicle_prisoner_pod\"""",""Category"":""#spawnmenu.category.chairs"",""Author"":""\""VALVe\"""",""Information"":""\""A plastic chair\"""",""KeyValues"":""{ vehiclescript = \""scripts/vehicles/prisoner_pod.txt\"", limitview = \""0\"" }"",""Members"":""{ HandleAnimation = HandleRollercoasterAnimation, }""}","lua/autorun/base_vehicles.lua","112"
"vehicle_chair_wood","vehicle","Chair_Wood","prop_vehicle_prisoner_pod","Wooden Chair","Chairs","models/nova/chair_wood01.mdl","entities/Chair_Wood.png","base","spawnmenu","false","{""Name"":""\""#spawnmenu.chair.wooden\"""",""Model"":""\""models/nova/chair_wood01.mdl\"""",""Class"":""\""prop_vehicle_prisoner_pod\"""",""Category"":""#spawnmenu.category.chairs"",""Author"":""\""VALVe\"""",""Information"":""\""A wooden chair\"""",""KeyValues"":""{ vehiclescript = \""scripts/vehicles/prisoner_pod.txt\"", limitview = \""0\"" }"",""Members"":""{ HandleAnimation = HandleRollercoasterAnimation, }""}","lua/autorun/base_vehicles.lua","94"
"vehicle_airboat","vehicle","Airboat","prop_vehicle_airboat","Airboat","Half-Life 2","models/airboat.mdl","entities/Airboat.png","base","spawnmenu","false","{""Name"":""\""#spawnmenu.vehicle.airboat\"""",""Model"":""\""models/airboat.mdl\"""",""Class"":""\""prop_vehicle_airboat\"""",""Category"":""Half-Life 2"",""Author"":""\""VALVe\"""",""Information"":""\""Airboat from Half-Life 2 canals\"""",""KeyValues"":""{ vehiclescript = \""scripts/vehicles/airboat.txt\"" }""}","lua/autorun/base_vehicles.lua","27"
"vehicle_prop_vehicle_apc","vehicle","prop_vehicle_apc","prop_vehicle_apc","Combine APC","Half-Life 2","models/combine_apc.mdl","entities/prop_vehicle_apc.png","base","spawnmenu","false","{""Name"":""\""#prop_vehicle_apc\"""",""Model"":""\""models/combine_apc.mdl\"""",""Class"":""\""prop_vehicle_apc\"""",""Health"":""0"",""Category"":""Half-Life 2"",""Author"":""\""VALVe\"""",""Information"":""\""The Combine Armored Personnel Carrier from Half-Life 2\"""",""KeyValues"":""{ vehiclescript = \""scripts/vehicles/apc_gmod.txt\"" }""}","lua/autorun/base_vehicles.lua","70"
"vehicle_jalopy","vehicle","Jalopy","prop_vehicle_jeep","Jalopy","Half-Life 2","models/vehicle.mdl","entities/Jalopy.png","base","spawnmenu","false","{""Name"":""\""#spawnmenu.vehicle.jalopy\"""",""Model"":""\""models/vehicle.mdl\"""",""Class"":""\""prop_vehicle_jeep\"""",""Category"":""Half-Life 2"",""Author"":""\""VALVe\"""",""Information"":""\""The muscle car from Half-Life 2: Episode 2\"""",""KeyValues"":""{ vehiclescript = \""scripts/vehicles/jalopy.txt\"" }""}","lua/autorun/base_vehicles.lua","56"
"vehicle_jeep","vehicle","Jeep","prop_vehicle_jeep_old","Jeep","Half-Life 2","models/buggy.mdl","entities/Jeep.png","base","spawnmenu","false","{""Name"":""\""#spawnmenu.vehicle.jeep\"""",""Model"":""\""models/buggy.mdl\"""",""Class"":""\""prop_vehicle_jeep_old\"""",""Category"":""Half-Life 2"",""Author"":""\""VALVe\"""",""Information"":""\""The regular old jeep from Half-Life 2 coasts\"""",""KeyValues"":""{ vehiclescript = \""scripts/vehicles/jeep_test.txt\"" }""}","lua/autorun/base_vehicles.lua","11"
"vehicle_pod","vehicle","Pod","prop_vehicle_prisoner_pod","Prisoner Pod","Half-Life 2","models/vehicles/prisoner_pod_inner.mdl","entities/Pod.png","base","spawnmenu","false","{""Name"":""\""#spawnmenu.vehicle.prisoner_pod\"""",""Model"":""\""models/vehicles/prisoner_pod_inner.mdl\"""",""Class"":""\""prop_vehicle_prisoner_pod\"""",""Category"":""Half-Life 2"",""Author"":""\""VALVe\"""",""Information"":""\""The prisoner pod from Half-Life 2 citadel\"""",""KeyValues"":""{ vehiclescript = \""scripts/vehicles/prisoner_pod.txt\"", limitview = \""0\"" }""}","lua/autorun/base_vehicles.lua","41"
"weapon_weapon_357","weapon","weapon_357","weapon_357",".357 Magnum","Half-Life 2","","entities/weapon_357.png","base","spawnmenu","false","{}","lua/autorun/game_hl2.lua","147"
"weapon_weapon_pistol","weapon","weapon_pistol","weapon_pistol","9mm Pistol","Half-Life 2","","entities/weapon_pistol.png","base","spawnmenu","false","{}","lua/autorun/game_hl2.lua","143"
"weapon_weapon_bugbait","weapon","weapon_bugbait","weapon_bugbait","Bugbait","Half-Life 2","","entities/weapon_bugbait.png","base","spawnmenu","false","{}","lua/autorun/game_hl2.lua","139"
"weapon_weapon_crossbow","weapon","weapon_crossbow","weapon_crossbow","Crossbow","Half-Life 2","","entities/weapon_crossbow.png","base","spawnmenu","false","{}","lua/autorun/game_hl2.lua","138"
"weapon_weapon_crowbar","weapon","weapon_crowbar","weapon_crowbar","Crowbar","Half-Life 2","","entities/weapon_crowbar.png","base","spawnmenu","false","{}","lua/autorun/game_hl2.lua","141"
"weapon_weapon_frag","weapon","weapon_frag","weapon_frag","Frag Grenade","Half-Life 2","","entities/weapon_frag.png","base","spawnmenu","false","{}","lua/autorun/game_hl2.lua","137"
"weapon_weapon_physcannon","weapon","weapon_physcannon","weapon_physcannon","Gravity Gun","Half-Life 2","","entities/weapon_physcannon.png","base","spawnmenu","false","{}","lua/autorun/game_hl2.lua","135"
"weapon_weapon_ar2","weapon","weapon_ar2","weapon_ar2","Pulse-Rifle","Half-Life 2","","entities/weapon_ar2.png","base","spawnmenu","false","{}","lua/autorun/game_hl2.lua","146"
"weapon_weapon_rpg","weapon","weapon_rpg","weapon_rpg","RPG Launcher","Half-Life 2","","entities/weapon_rpg.png","base","spawnmenu","false","{}","lua/autorun/game_hl2.lua","140"
"weapon_weapon_slam","weapon","weapon_slam","weapon_slam","S.L.A.M.","Half-Life 2","","entities/weapon_slam.png","base","spawnmenu","false","{}","lua/autorun/game_hl2.lua","144"
"weapon_weapon_shotgun","weapon","weapon_shotgun","weapon_shotgun","Shotgun","Half-Life 2","","entities/weapon_shotgun.png","base","spawnmenu","false","{}","lua/autorun/game_hl2.lua","142"
"weapon_weapon_smg1","weapon","weapon_smg1","weapon_smg1","SMG","Half-Life 2","","entities/weapon_smg1.png","base","spawnmenu","false","{}","lua/autorun/game_hl2.lua","145"
"weapon_weapon_stunstick","weapon","weapon_stunstick","weapon_stunstick","Stunstick","Half-Life 2","","entities/weapon_stunstick.png","base","spawnmenu","false","{}","lua/autorun/game_hl2.lua","136"
"weapon_weapon_357_hl1","weapon","weapon_357_hl1","weapon_357_hl1",".357 Handgun","Half-Life: Source","","entities/weapon_357_hl1.png","mounted:hl1_or_hl1mp","spawnmenu","false","{}","lua/autorun/game_hl2.lua","174"
"weapon_weapon_glock_hl1","weapon","weapon_glock_hl1","weapon_glock_hl1","9mm Handgun (Glock)","Half-Life: Source","","entities/weapon_glock_hl1.png","mounted:hl1_or_hl1mp","spawnmenu","false","{}","lua/autorun/game_hl2.lua","177"
"weapon_weapon_egon","weapon","weapon_egon","weapon_egon","Gluon Gun","Half-Life: Source","","entities/weapon_egon.png","mounted:hl1_or_hl1mp","spawnmenu","false","{}","lua/autorun/game_hl2.lua","179"
"weapon_weapon_handgrenade","weapon","weapon_handgrenade","weapon_handgrenade","Hand Grenade","Half-Life: Source","","entities/weapon_handgrenade.png","mounted:hl1_or_hl1mp","spawnmenu","false","{}","lua/autorun/game_hl2.lua","168"
"weapon_weapon_hornetgun","weapon","weapon_hornetgun","weapon_hornetgun","Hornet Gun","Half-Life: Source","","entities/weapon_hornetgun.png","mounted:hl1_or_hl1mp","spawnmenu","false","{}","lua/autorun/game_hl2.lua","170"
"weapon_weapon_mp5_hl1","weapon","weapon_mp5_hl1","weapon_mp5_hl1","MP5","Half-Life: Source","","entities/weapon_mp5_hl1.png","mounted:hl1_or_hl1mp","spawnmenu","false","{}","lua/autorun/game_hl2.lua","169"
"weapon_weapon_crossbow_hl1","weapon","weapon_crossbow_hl1","weapon_crossbow_hl1","Oldschool Crossbow","Half-Life: Source","","entities/weapon_crossbow_hl1.png","mounted:hl1_or_hl1mp","spawnmenu","false","{}","lua/autorun/game_hl2.lua","173"
"weapon_weapon_crowbar_hl1","weapon","weapon_crowbar_hl1","weapon_crowbar_hl1","Oldschool Crowbar","Half-Life: Source","","entities/weapon_crowbar_hl1.png","mounted:hl1_or_hl1mp","spawnmenu","false","{}","lua/autorun/game_hl2.lua","180"
"weapon_weapon_rpg_hl1","weapon","weapon_rpg_hl1","weapon_rpg_hl1","Oldschool RPG Launcher","Half-Life: Source","","entities/weapon_rpg_hl1.png","mounted:hl1_or_hl1mp","spawnmenu","false","{}","lua/autorun/game_hl2.lua","175"
"weapon_weapon_satchel","weapon","weapon_satchel","weapon_satchel","Satchel Charge","Half-Life: Source","","entities/weapon_satchel.png","mounted:hl1_or_hl1mp","spawnmenu","false","{}","lua/autorun/game_hl2.lua","171"
"weapon_weapon_snark","weapon","weapon_snark","weapon_snark","Snarks","Half-Life: Source","","entities/weapon_snark.png","mounted:hl1_or_hl1mp","spawnmenu","false","{}","lua/autorun/game_hl2.lua","167"
"weapon_weapon_shotgun_hl1","weapon","weapon_shotgun_hl1","weapon_shotgun_hl1","SPAS-12 Shotgun","Half-Life: Source","","entities/weapon_shotgun_hl1.png","mounted:hl1_or_hl1mp","spawnmenu","false","{}","lua/autorun/game_hl2.lua","176"
"weapon_weapon_gauss","weapon","weapon_gauss","weapon_gauss","Tau Cannon","Half-Life: Source","","entities/weapon_gauss.png","mounted:hl1_or_hl1mp","spawnmenu","false","{}","lua/autorun/game_hl2.lua","178"
"weapon_weapon_tripmine","weapon","weapon_tripmine","weapon_tripmine","Tripmine","Half-Life: Source","","entities/weapon_tripmine.png","mounted:hl1_or_hl1mp","spawnmenu","false","{}","lua/autorun/game_hl2.lua","172"
"weapon_gmod_camera","weapon","gmod_camera","gmod_camera","Camera","Other","","entities/gmod_camera.png","base","spawnmenu","false","{""PrintName"":""\""#gmod_camera\"""",""Spawnable"":""true""}","gamemodes/sandbox/entities/weapons/gmod_camera.lua","25"
"weapon_weapon_fists","weapon","weapon_fists","weapon_fists","Fists","Other","","entities/weapon_fists.png","base","spawnmenu","false","{""PrintName"":""\""#weapon_fists\"""",""Spawnable"":""true""}","lua/weapons/weapon_fists.lua","10"
"weapon_weapon_flechettegun","weapon","weapon_flechettegun","weapon_flechettegun","Flechette Gun","Other","","entities/weapon_flechettegun.png","base","spawnmenu","true","{""PrintName"":""\""#weapon_flechettegun\"""",""Spawnable"":""true"",""AdminOnly"":""true""}","lua/weapons/weapon_flechettegun.lua","29"
"weapon_manhack_welder","weapon","manhack_welder","manhack_welder","Manhack Gun","Other","","entities/manhack_welder.png","base","spawnmenu","true","{""Spawnable"":""true"",""AdminOnly"":""true"",""PrintName"":""\""#manhack_welder\""""}","gamemodes/sandbox/entities/weapons/manhack_welder.lua","27"
"weapon_weapon_medkit","weapon","weapon_medkit","weapon_medkit","Medkit","Other","","entities/weapon_medkit.png","base","spawnmenu","false","{""PrintName"":""\""#weapon_medkit\"""",""Spawnable"":""true""}","lua/weapons/weapon_medkit.lua","10"
"weapon_weapon_physgun","weapon","weapon_physgun","weapon_physgun","Physics Gun","Other","","entities/weapon_physgun.png","base","spawnmenu","false","{}","lua/autorun/game_hl2.lua","211"
"weapon_gmod_tool","weapon","gmod_tool","gmod_tool","Tool Gun","Other","","entities/gmod_tool.png","base","spawnmenu","false","{""PrintName"":""\""#gmod_tool\"""",""Spawnable"":""true""}","gamemodes/sandbox/entities/weapons/gmod_tool/shared.lua","14"
