id,kind,gap_id,feature,status,priority,depends_on,acceptance,source,result
entity_factory,shared,entity_callbacks,Typed native and scripted entity factories,partial,P0,,Spawn correct class rather than a prop with its model,gamemodes/sandbox/gamemode/commands.lua,not_run
entity_placement,shared,entity_callbacks,Trace offsets floor ceiling and orientation,partial,P0,entity_factory,Respect per-entry placement defaults and reject blocked spawn,gamemodes/sandbox/gamemode/commands.lua,not_run
entity_lifecycle,shared,entity_callbacks,Spawn activate remove and callbacks,partial,P0,entity_factory,Ordered initialization and cleanup without orphan bodies,gamemodes/sandbox/gamemode/commands.lua,not_run
entity_permissions,shared,ownership_rules,Admin flags ownership limits and spawn hooks,missing,P1,entity_factory,Enforce permission and limits before allocation,gamemodes/sandbox/gamemode/commands.lua,not_run
entity_undo,shared,undo_groups,Grouped entity undo,partial,P1,entity_lifecycle,Undo removes entity and dependent objects atomically,gamemodes/sandbox/gamemode/commands.lua,not_run
entity_cleanup,shared,cleanup_groups,Typed cleanup groups,partial,P1,entity_lifecycle,Cleanup removes only requested owner and class group,gamemodes/sandbox/gamemode/commands.lua,not_run
entity_save,shared,save_compat,Typed save and restore,partial,P1,entity_lifecycle,Reload preserves class properties and references without prop substitution,gamemodes/sandbox/gamemode/commands.lua,not_run
npc_defaults,npc,npc_ai,NPC aliases flags keyvalues model skin health,partial,P0,entity_factory,Distinct aliases preserve authored symbolic defaults,lua/autorun/base_npcs.lua,not_run
npc_placement,npc,npc_ai,NPC offsets ceiling floor and no-drop spawning,partial,P0,entity_placement,Turrets barnacles and ground NPCs use correct placement rules,lua/autorun/base_npcs.lua,not_run
npc_animation,npc,npc_ai,Animated NPC locomotion and pose,partial,P0,npc_defaults,Idle walk run turn and attack animations follow actual AI state,lua/autorun/base_npcs.lua,not_run
npc_navigation,npc,navigation_data,Ground air and special locomotion navigation,missing,P0,npc_defaults,NPC routes around obstacles using supported map navigation data,lua/autorun/base_npcs.lua,not_run
npc_senses,npc,npc_ai,Perception memory and target selection,partial,P1,npc_defaults,Occlusion distance and hearing alter target acquisition,lua/autorun/base_npcs.lua,not_run
npc_disposition,npc,npc_ai,Factions relationships squads and alliances,partial,P1,npc_senses,Hacked and resistance aliases do not behave as hostile originals,lua/autorun/base_npcs.lua,not_run
npc_schedule,npc,npc_ai,Schedules tasks pursuit cover and combat,partial,P1,npc_navigation|npc_senses,Transitions handle interruption and unreachable targets,lua/autorun/base_npcs.lua,not_run
npc_equipment,npc,npc_ai,NPC usable weapon assignment,missing,P1,npc_defaults,Allowed NPC weapons and default versus none are distinct,lua/autorun/game_hl2.lua,not_run
npc_damage,npc,npc_ai,NPC hitboxes damage death and ragdolls,partial,P1,npc_animation,Damage reaches correct actor and death stops AI with requested ragdoll,lua/autorun/base_npcs.lua,not_run
npc_settings,npc,npc_controls,Disable thinking ignore players ragdolls autosquad and weapon drawer,partial,P1,npc_schedule,All four stock checkbox semantics and weapon selection reach AI,gamemodes/sandbox/gamemode/spawnmenu/creationmenu/content/contenttypes/npcs.lua,not_run
npc_nextbot,npc,nextbot_runtime,NextBot runtime separate from native NPCs,missing,P2,npc_navigation,Coroutine-style behavior and locomotion supported without marking example spawnable,lua/entities,not_run
vehicle_defaults,vehicle,vehicle_runtime,Vehicle class aliases scripts and keyvalues,partial,P0,entity_factory,Jeep old-class alias and per-vehicle script survive spawn,lua/autorun/base_vehicles.lua,not_run
vehicle_script,vehicle,vehicle_runtime,Parse and validate vehicle tuning scripts,missing,P0,vehicle_defaults,Units mass engine gearing wheels and suspension retain source provenance,lua/autorun/base_vehicles.lua,not_run
vehicle_occupancy,vehicle,vehicle_runtime,Use entry exit occupied seats and blocked exits,partial,P0,vehicle_defaults,Player enters once and exits at safe unblocked location,lua/autorun/base_vehicles.lua,not_run
vehicle_camera,vehicle,vehicle_runtime,Driver camera view limits hands and seat animations,partial,P0,vehicle_occupancy,Chair and driving animation modes follow registered definitions,lua/autorun/base_vehicles.lua,not_run
vehicle_wheels,vehicle,vehicle_runtime,Wheel contact suspension and chassis,partial,P0,vehicle_script,Ground contacts support chassis with stable suspension and collision,lua/autorun/base_vehicles.lua,not_run
vehicle_drive,vehicle,vehicle_runtime,Throttle torque gearing steering brake and reverse,partial,P0,vehicle_wheels|vehicle_occupancy,Jeep accelerates steers brakes and reverses under driver input,lua/autorun/base_vehicles.lua,not_run
vehicle_airboat,vehicle,vehicle_runtime,Airboat water contact and propulsion,partial,P1,vehicle_drive,Airboat floats moves and transitions between shore and water,lua/autorun/base_vehicles.lua,not_run
vehicle_apc,vehicle,vehicle_runtime,APC special behavior and indestructible health override,partial,P1,vehicle_drive,APC-specific behavior is not inherited from a cosmetic car body,lua/autorun/base_vehicles.lua,not_run
vehicle_audio,vehicle,vehicle_runtime,Engine wheel effects and vehicle animation,partial,P1,vehicle_drive,Three car wheel presentations and contact bursts exist; native audio pose parameters and suspension remain open,lua/autorun/base_vehicles.lua,not_run
vehicle_damage,vehicle,vehicle_runtime,Vehicle damage destruction and occupant safety,missing,P1,vehicle_occupancy,Destroying occupied vehicle leaves valid player state,lua/autorun/base_vehicles.lua,not_run
entity_pickups,entity,entity_callbacks,Ammo health suit and battery pickups,missing,P1,entity_factory,Pickup changes player resources and removes or respawns correctly,lua/autorun/game_hl2.lua,not_run
entity_chargers,entity,entity_callbacks,Health and suit chargers,missing,P1,entity_pickups,Use consumes charge with correct resource cap,lua/autorun/game_hl2.lua,not_run
entity_hazards,entity,entity_callbacks,Mines grenades thumper and striderbuster behavior,missing,P1,entity_lifecycle,Distinct hazard classes implement activation damage and lifecycle,lua/autorun/game_hl2.lua,not_run
entity_ball,entity,entity_callbacks,Bouncy ball scripted behavior,missing,P1,entity_lifecycle,Ball uses scripted collision and interaction behavior,lua/entities/sent_ball.lua,not_run
entity_editors,entity,entity_callbacks,Fog sky and sun editable entities,missing,P1,entity_permissions,Admin-only editable entities affect scene and persist safely,gamemodes/sandbox/entities/entities,not_run
entity_toolobjects,entity,entity_callbacks,Tool-created balloons buttons cameras lights wheels and thrusters,missing,P1,entity_lifecycle,Internal tool entities are not falsely exposed as generic spawnable entities,gamemodes/sandbox/entities/entities,not_run
weapon_inventory_model,weapon,weapon_inventory,Inventory slots pickup equip drop and ammunition,partial,P0,entity_factory,Weapon instances replace boolean-only selection without lost state,lua/autorun/game_hl2.lua,not_run
weapon_firearms,weapon,stock_firearms,Primary secondary reload spread recoil and damage,partial,P1,weapon_inventory_model,Each firearm follows its distinct resource and firing behavior,lua/autorun/game_hl2.lua,not_run
weapon_special,weapon,stock_special,Melee explosives RPG crossbow and special weapons,partial,P1,weapon_inventory_model,Distinct projectiles and special actions behave rather than display only,lua/autorun/game_hl2.lua,not_run
weapon_sweps,weapon,stock_special,Fists flechette medkit camera and manhack welder,partial,P1,weapon_inventory_model,Scripted weapons retain admin rules and individual functionality,lua/weapons,not_run
weapon_effects,weapon,weapon_events,Weapon animation audio muzzle and impact events,partial,P1,weapon_inventory_model,Events occur once in correct first and third person state,lua/autorun/game_hl2.lua,not_run
q_geometry,menu,menu_layout,Creation divider tool collapse small-screen docking and cookies,partial,P1,,Compare margins divider resizing and restored split to stock across resolutions,gamemodes/sandbox/gamemode/spawnmenu/spawnmenu.lua,not_run
q_tabs,menu,menu_tabs,Eight source-driven creation tabs and catalog browsing,partial,P0,,All eight tabs navigate without promising unimplemented entity simulation,gamemodes/sandbox/gamemode/spawnmenu/creationmenu,not_run
q_icons,menu,menu_icons,128px content icons hover border badges and captions,missing,P1,,Match 122px image inset3 and admin or weapon badges on 128px content tile,lua/vgui/contenticon.lua,not_run
q_tree,menu,menu_tree,Category icons favorites custom spawnlists and drag-drop,partial,P1,,Preserve user lists and stock category hierarchy with read-only restrictions,gamemodes/sandbox/gamemode/spawnmenu/creationmenu,not_run
q_search,menu,menu_search,Provider search ordering and results,partial,P1,,Search across intended providers without falsely including internal entities,gamemodes/sandbox/gamemode/spawnmenu/creationmenu,not_run
q_cursor,menu,menu_q_behavior,Hold toggle HangOpen and cursor restoration,partial,P0,,Q and C are mutually exclusive and click-to-spawn returns correct capture,gamemodes/sandbox/gamemode/spawnmenu/spawnmenu.lua,not_run
q_context,menu,context_props,Content icon context menus and property handlers,missing,P1,,Copy spawnname custom actions selection and drag-drop have source semantics,lua/vgui/contenticon.lua,not_run
c_layout,menu,context_layout,C desktop and reparented active tool panel,missing,P1,,320px tool canvas sits 50px from lower right with capped height,gamemodes/sandbox/gamemode/spawnmenu/contextmenu.lua,not_run
c_desktop,menu,context_layout,C desktop buttons and singleton windows,missing,P1,c_layout,80x82 buttons use 64px icons and reuse centered registered windows,gamemodes/sandbox/gamemode/spawnmenu/contextmenu.lua,not_run
c_player,menu,context_player,Player model bodygroups colors and settings,missing,P1,c_layout,Player customization applies and persists supported properties,gamemodes/sandbox/gamemode/spawnmenu/contextmenu.lua,not_run
postprocess_controls,postprocess,menu_tabs,Postprocess categories shaders presets and toggles,missing,P2,,Catalog actual controls and implement shader-specific parameters before enabling,gamemodes/sandbox/gamemode/spawnmenu/creationmenu/content/contenttypes/postprocess.lua,not_run
dupe_browser,dupe,save_compat,Local subscribed popular dupes previews and metadata,missing,P1,,Browse actual dupe records rather than treating models as dupes,gamemodes/sandbox/gamemode/spawnmenu/creationmenu/content/contenttypes/dupes.lua,not_run
dupe_restore,dupe,save_compat,Dupe graph serialization constraints and spawn permissions,missing,P1,entity_save,Restore entity graph and constraints atomically with ownership validation,gamemodes/sandbox/gamemode/spawnmenu/creationmenu/content/contenttypes/dupes.lua,not_run
save_browser,save,save_compat,Stock saves browser previews metadata and filters,missing,P1,,Separate existing prototype scene saves from native save compatibility,gamemodes/sandbox/gamemode/spawnmenu/creationmenu/content/contenttypes/saves.lua,not_run
save_restore,save,save_transaction,Native save restore transactions and map identity,missing,P1,entity_save,Reject incompatible map or malformed save without destroying current scene,gamemodes/sandbox/gamemode/spawnmenu/creationmenu/content/contenttypes/saves.lua,not_run
water_visual,world,water_render,Water stability surface optics and depth,missing,P0,,User compares motion at water boundaries and reports no flicker; research full material path,docs/RESEARCH.md,not_run
water_buoyancy,world,prop_buoyancy,Submerged volume drag and buoyancy,missing,P1,,Props float or sink by displaced volume with stable waterline transitions,docs/RESEARCH.md,not_run
