"tool","setting","default","source_line","source","evidence"
"axis","forcelimit","0","5","garrysmod/gamemodes/sandbox/entities/weapons/gmod_tool/stools/axis.lua","literal_installed_default_not_runtime_conformance"
"axis","torquelimit","0","6","garrysmod/gamemodes/sandbox/entities/weapons/gmod_tool/stools/axis.lua","literal_installed_default_not_runtime_conformance"
"axis","hingefriction","0","7","garrysmod/gamemodes/sandbox/entities/weapons/gmod_tool/stools/axis.lua","literal_installed_default_not_runtime_conformance"
"axis","nocollide","0","8","garrysmod/gamemodes/sandbox/entities/weapons/gmod_tool/stools/axis.lua","literal_installed_default_not_runtime_conformance"
"balloon","ropelength","64","5","garrysmod/gamemodes/sandbox/entities/weapons/gmod_tool/stools/balloon.lua","literal_installed_default_not_runtime_conformance"
"balloon","force","500","6","garrysmod/gamemodes/sandbox/entities/weapons/gmod_tool/stools/balloon.lua","literal_installed_default_not_runtime_conformance"
"balloon","r","255","7","garrysmod/gamemodes/sandbox/entities/weapons/gmod_tool/stools/balloon.lua","literal_installed_default_not_runtime_conformance"
"balloon","g","255","8","garrysmod/gamemodes/sandbox/entities/weapons/gmod_tool/stools/balloon.lua","literal_installed_default_not_runtime_conformance"
"balloon","b","0","9","garrysmod/gamemodes/sandbox/entities/weapons/gmod_tool/stools/balloon.lua","literal_installed_default_not_runtime_conformance"
"balloon","model","normal_skin1","10","garrysmod/gamemodes/sandbox/entities/weapons/gmod_tool/stools/balloon.lua","literal_installed_default_not_runtime_conformance"
"ballsocket","forcelimit","0","5","garrysmod/gamemodes/sandbox/entities/weapons/gmod_tool/stools/ballsocket.lua","literal_installed_default_not_runtime_conformance"
"ballsocket","nocollide","0","7","garrysmod/gamemodes/sandbox/entities/weapons/gmod_tool/stools/ballsocket.lua","literal_installed_default_not_runtime_conformance"
"button","model","models/maxofs2d/button_05.mdl","5","garrysmod/gamemodes/sandbox/entities/weapons/gmod_tool/stools/button.lua","literal_installed_default_not_runtime_conformance"
"button","keygroup","37","6","garrysmod/gamemodes/sandbox/entities/weapons/gmod_tool/stools/button.lua","literal_installed_default_not_runtime_conformance"
"button","description","","7","garrysmod/gamemodes/sandbox/entities/weapons/gmod_tool/stools/button.lua","literal_installed_default_not_runtime_conformance"
"button","toggle","1","8","garrysmod/gamemodes/sandbox/entities/weapons/gmod_tool/stools/button.lua","literal_installed_default_not_runtime_conformance"
"camera","locked","0","5","garrysmod/gamemodes/sandbox/entities/weapons/gmod_tool/stools/camera.lua","literal_installed_default_not_runtime_conformance"
"camera","key","37","6","garrysmod/gamemodes/sandbox/entities/weapons/gmod_tool/stools/camera.lua","literal_installed_default_not_runtime_conformance"
"camera","toggle","1","7","garrysmod/gamemodes/sandbox/entities/weapons/gmod_tool/stools/camera.lua","literal_installed_default_not_runtime_conformance"
"colour","r","255","5","garrysmod/gamemodes/sandbox/entities/weapons/gmod_tool/stools/colour.lua","literal_installed_default_not_runtime_conformance"
"colour","g","255","6","garrysmod/gamemodes/sandbox/entities/weapons/gmod_tool/stools/colour.lua","literal_installed_default_not_runtime_conformance"
"colour","b","255","7","garrysmod/gamemodes/sandbox/entities/weapons/gmod_tool/stools/colour.lua","literal_installed_default_not_runtime_conformance"
"colour","a","255","8","garrysmod/gamemodes/sandbox/entities/weapons/gmod_tool/stools/colour.lua","literal_installed_default_not_runtime_conformance"
"colour","mode","0","9","garrysmod/gamemodes/sandbox/entities/weapons/gmod_tool/stools/colour.lua","literal_installed_default_not_runtime_conformance"
"colour","fx","0","10","garrysmod/gamemodes/sandbox/entities/weapons/gmod_tool/stools/colour.lua","literal_installed_default_not_runtime_conformance"
"creator","type","0","3","garrysmod/gamemodes/sandbox/entities/weapons/gmod_tool/stools/creator.lua","literal_installed_default_not_runtime_conformance"
"creator","name","0","4","garrysmod/gamemodes/sandbox/entities/weapons/gmod_tool/stools/creator.lua","literal_installed_default_not_runtime_conformance"
"creator","override","","5","garrysmod/gamemodes/sandbox/entities/weapons/gmod_tool/stools/creator.lua","literal_installed_default_not_runtime_conformance"
"dynamite","group","52","5","garrysmod/gamemodes/sandbox/entities/weapons/gmod_tool/stools/dynamite.lua","literal_installed_default_not_runtime_conformance"
"dynamite","damage","200","6","garrysmod/gamemodes/sandbox/entities/weapons/gmod_tool/stools/dynamite.lua","literal_installed_default_not_runtime_conformance"
"dynamite","delay","0","7","garrysmod/gamemodes/sandbox/entities/weapons/gmod_tool/stools/dynamite.lua","literal_installed_default_not_runtime_conformance"
"dynamite","model","models/dav0r/tnt/tnt.mdl","8","garrysmod/gamemodes/sandbox/entities/weapons/gmod_tool/stools/dynamite.lua","literal_installed_default_not_runtime_conformance"
"dynamite","remove","0","9","garrysmod/gamemodes/sandbox/entities/weapons/gmod_tool/stools/dynamite.lua","literal_installed_default_not_runtime_conformance"
"elastic","constant","500","5","garrysmod/gamemodes/sandbox/entities/weapons/gmod_tool/stools/elastic.lua","literal_installed_default_not_runtime_conformance"
"elastic","damping","3","6","garrysmod/gamemodes/sandbox/entities/weapons/gmod_tool/stools/elastic.lua","literal_installed_default_not_runtime_conformance"
"elastic","rdamping","0.01","7","garrysmod/gamemodes/sandbox/entities/weapons/gmod_tool/stools/elastic.lua","literal_installed_default_not_runtime_conformance"
"elastic","material","cable/cable","8","garrysmod/gamemodes/sandbox/entities/weapons/gmod_tool/stools/elastic.lua","literal_installed_default_not_runtime_conformance"
"elastic","width","2","9","garrysmod/gamemodes/sandbox/entities/weapons/gmod_tool/stools/elastic.lua","literal_installed_default_not_runtime_conformance"
"elastic","stretch_only","1","10","garrysmod/gamemodes/sandbox/entities/weapons/gmod_tool/stools/elastic.lua","literal_installed_default_not_runtime_conformance"
"elastic","color_r","255","11","garrysmod/gamemodes/sandbox/entities/weapons/gmod_tool/stools/elastic.lua","literal_installed_default_not_runtime_conformance"
"elastic","color_g","255","12","garrysmod/gamemodes/sandbox/entities/weapons/gmod_tool/stools/elastic.lua","literal_installed_default_not_runtime_conformance"
"elastic","color_b","255","13","garrysmod/gamemodes/sandbox/entities/weapons/gmod_tool/stools/elastic.lua","literal_installed_default_not_runtime_conformance"
"emitter","key","51","5","garrysmod/gamemodes/sandbox/entities/weapons/gmod_tool/stools/emitter.lua","literal_installed_default_not_runtime_conformance"
"emitter","delay","1","6","garrysmod/gamemodes/sandbox/entities/weapons/gmod_tool/stools/emitter.lua","literal_installed_default_not_runtime_conformance"
"emitter","toggle","1","7","garrysmod/gamemodes/sandbox/entities/weapons/gmod_tool/stools/emitter.lua","literal_installed_default_not_runtime_conformance"
"emitter","starton","0","8","garrysmod/gamemodes/sandbox/entities/weapons/gmod_tool/stools/emitter.lua","literal_installed_default_not_runtime_conformance"
"emitter","effect","sparks","9","garrysmod/gamemodes/sandbox/entities/weapons/gmod_tool/stools/emitter.lua","literal_installed_default_not_runtime_conformance"
"emitter","scale","1","10","garrysmod/gamemodes/sandbox/entities/weapons/gmod_tool/stools/emitter.lua","literal_installed_default_not_runtime_conformance"
"example","CLIENTSIDE","default","16","garrysmod/gamemodes/sandbox/entities/weapons/gmod_tool/stools/example.lua","literal_installed_default_not_runtime_conformance"
"eyeposer","x","0","12","garrysmod/gamemodes/sandbox/entities/weapons/gmod_tool/stools/eyeposer.lua","literal_installed_default_not_runtime_conformance"
"eyeposer","y","0","13","garrysmod/gamemodes/sandbox/entities/weapons/gmod_tool/stools/eyeposer.lua","literal_installed_default_not_runtime_conformance"
"eyeposer","strabismus","0","14","garrysmod/gamemodes/sandbox/entities/weapons/gmod_tool/stools/eyeposer.lua","literal_installed_default_not_runtime_conformance"
"faceposer","scale","1.0","170","garrysmod/gamemodes/sandbox/entities/weapons/gmod_tool/stools/faceposer.lua","literal_installed_default_not_runtime_conformance"
"hoverball","keyup","46","5","garrysmod/gamemodes/sandbox/entities/weapons/gmod_tool/stools/hoverball.lua","literal_installed_default_not_runtime_conformance"
"hoverball","keydn","43","6","garrysmod/gamemodes/sandbox/entities/weapons/gmod_tool/stools/hoverball.lua","literal_installed_default_not_runtime_conformance"
"hoverball","keyon","40","7","garrysmod/gamemodes/sandbox/entities/weapons/gmod_tool/stools/hoverball.lua","literal_installed_default_not_runtime_conformance"
"hoverball","speed","5","8","garrysmod/gamemodes/sandbox/entities/weapons/gmod_tool/stools/hoverball.lua","literal_installed_default_not_runtime_conformance"
"hoverball","resistance","5","9","garrysmod/gamemodes/sandbox/entities/weapons/gmod_tool/stools/hoverball.lua","literal_installed_default_not_runtime_conformance"
"hoverball","strength","10","10","garrysmod/gamemodes/sandbox/entities/weapons/gmod_tool/stools/hoverball.lua","literal_installed_default_not_runtime_conformance"
"hoverball","model","models/dav0r/hoverball.mdl","11","garrysmod/gamemodes/sandbox/entities/weapons/gmod_tool/stools/hoverball.lua","literal_installed_default_not_runtime_conformance"
"hydraulic","group","37","5","garrysmod/gamemodes/sandbox/entities/weapons/gmod_tool/stools/hydraulic.lua","literal_installed_default_not_runtime_conformance"
"hydraulic","width","3","6","garrysmod/gamemodes/sandbox/entities/weapons/gmod_tool/stools/hydraulic.lua","literal_installed_default_not_runtime_conformance"
"hydraulic","addlength","100","7","garrysmod/gamemodes/sandbox/entities/weapons/gmod_tool/stools/hydraulic.lua","literal_installed_default_not_runtime_conformance"
"hydraulic","fixed","1","8","garrysmod/gamemodes/sandbox/entities/weapons/gmod_tool/stools/hydraulic.lua","literal_installed_default_not_runtime_conformance"
"hydraulic","speed","64","9","garrysmod/gamemodes/sandbox/entities/weapons/gmod_tool/stools/hydraulic.lua","literal_installed_default_not_runtime_conformance"
"hydraulic","toggle","1","10","garrysmod/gamemodes/sandbox/entities/weapons/gmod_tool/stools/hydraulic.lua","literal_installed_default_not_runtime_conformance"
"hydraulic","material","cable/rope","11","garrysmod/gamemodes/sandbox/entities/weapons/gmod_tool/stools/hydraulic.lua","literal_installed_default_not_runtime_conformance"
"hydraulic","color_r","255","12","garrysmod/gamemodes/sandbox/entities/weapons/gmod_tool/stools/hydraulic.lua","literal_installed_default_not_runtime_conformance"
"hydraulic","color_g","255","13","garrysmod/gamemodes/sandbox/entities/weapons/gmod_tool/stools/hydraulic.lua","literal_installed_default_not_runtime_conformance"
"hydraulic","color_b","255","14","garrysmod/gamemodes/sandbox/entities/weapons/gmod_tool/stools/hydraulic.lua","literal_installed_default_not_runtime_conformance"
"lamp","r","255","5","garrysmod/gamemodes/sandbox/entities/weapons/gmod_tool/stools/lamp.lua","literal_installed_default_not_runtime_conformance"
"lamp","g","255","6","garrysmod/gamemodes/sandbox/entities/weapons/gmod_tool/stools/lamp.lua","literal_installed_default_not_runtime_conformance"
"lamp","b","255","7","garrysmod/gamemodes/sandbox/entities/weapons/gmod_tool/stools/lamp.lua","literal_installed_default_not_runtime_conformance"
"lamp","key","37","8","garrysmod/gamemodes/sandbox/entities/weapons/gmod_tool/stools/lamp.lua","literal_installed_default_not_runtime_conformance"
"lamp","fov","90","9","garrysmod/gamemodes/sandbox/entities/weapons/gmod_tool/stools/lamp.lua","literal_installed_default_not_runtime_conformance"
"lamp","distance","1024","10","garrysmod/gamemodes/sandbox/entities/weapons/gmod_tool/stools/lamp.lua","literal_installed_default_not_runtime_conformance"
"lamp","brightness","4","11","garrysmod/gamemodes/sandbox/entities/weapons/gmod_tool/stools/lamp.lua","literal_installed_default_not_runtime_conformance"
"lamp","texture","effects/flashlight001","12","garrysmod/gamemodes/sandbox/entities/weapons/gmod_tool/stools/lamp.lua","literal_installed_default_not_runtime_conformance"
"lamp","model","models/lamps/torch.mdl","13","garrysmod/gamemodes/sandbox/entities/weapons/gmod_tool/stools/lamp.lua","literal_installed_default_not_runtime_conformance"
"lamp","toggle","1","14","garrysmod/gamemodes/sandbox/entities/weapons/gmod_tool/stools/lamp.lua","literal_installed_default_not_runtime_conformance"
"light","ropelength","64","5","garrysmod/gamemodes/sandbox/entities/weapons/gmod_tool/stools/light.lua","literal_installed_default_not_runtime_conformance"
"light","ropematerial","cable/rope","6","garrysmod/gamemodes/sandbox/entities/weapons/gmod_tool/stools/light.lua","literal_installed_default_not_runtime_conformance"
"light","r","255","7","garrysmod/gamemodes/sandbox/entities/weapons/gmod_tool/stools/light.lua","literal_installed_default_not_runtime_conformance"
"light","g","255","8","garrysmod/gamemodes/sandbox/entities/weapons/gmod_tool/stools/light.lua","literal_installed_default_not_runtime_conformance"
"light","b","255","9","garrysmod/gamemodes/sandbox/entities/weapons/gmod_tool/stools/light.lua","literal_installed_default_not_runtime_conformance"
"light","brightness","2","10","garrysmod/gamemodes/sandbox/entities/weapons/gmod_tool/stools/light.lua","literal_installed_default_not_runtime_conformance"
"light","size","256","11","garrysmod/gamemodes/sandbox/entities/weapons/gmod_tool/stools/light.lua","literal_installed_default_not_runtime_conformance"
"light","key","37","12","garrysmod/gamemodes/sandbox/entities/weapons/gmod_tool/stools/light.lua","literal_installed_default_not_runtime_conformance"
"light","toggle","1","13","garrysmod/gamemodes/sandbox/entities/weapons/gmod_tool/stools/light.lua","literal_installed_default_not_runtime_conformance"
"material","override","debug/env_cubemap_model","5","garrysmod/gamemodes/sandbox/entities/weapons/gmod_tool/stools/material.lua","literal_installed_default_not_runtime_conformance"
"motor","torque","500","5","garrysmod/gamemodes/sandbox/entities/weapons/gmod_tool/stools/motor.lua","literal_installed_default_not_runtime_conformance"
"motor","friction","1","6","garrysmod/gamemodes/sandbox/entities/weapons/gmod_tool/stools/motor.lua","literal_installed_default_not_runtime_conformance"
"motor","nocollide","1","7","garrysmod/gamemodes/sandbox/entities/weapons/gmod_tool/stools/motor.lua","literal_installed_default_not_runtime_conformance"
"motor","forcetime","0","8","garrysmod/gamemodes/sandbox/entities/weapons/gmod_tool/stools/motor.lua","literal_installed_default_not_runtime_conformance"
"motor","fwd","45","9","garrysmod/gamemodes/sandbox/entities/weapons/gmod_tool/stools/motor.lua","literal_installed_default_not_runtime_conformance"
"motor","bwd","42","10","garrysmod/gamemodes/sandbox/entities/weapons/gmod_tool/stools/motor.lua","literal_installed_default_not_runtime_conformance"
"motor","toggle","0","11","garrysmod/gamemodes/sandbox/entities/weapons/gmod_tool/stools/motor.lua","literal_installed_default_not_runtime_conformance"
"motor","forcelimit","0","12","garrysmod/gamemodes/sandbox/entities/weapons/gmod_tool/stools/motor.lua","literal_installed_default_not_runtime_conformance"
"muscle","group","37","5","garrysmod/gamemodes/sandbox/entities/weapons/gmod_tool/stools/muscle.lua","literal_installed_default_not_runtime_conformance"
"muscle","width","2","6","garrysmod/gamemodes/sandbox/entities/weapons/gmod_tool/stools/muscle.lua","literal_installed_default_not_runtime_conformance"
"muscle","addlength","100","7","garrysmod/gamemodes/sandbox/entities/weapons/gmod_tool/stools/muscle.lua","literal_installed_default_not_runtime_conformance"
"muscle","fixed","1","8","garrysmod/gamemodes/sandbox/entities/weapons/gmod_tool/stools/muscle.lua","literal_installed_default_not_runtime_conformance"
"muscle","period","1","9","garrysmod/gamemodes/sandbox/entities/weapons/gmod_tool/stools/muscle.lua","literal_installed_default_not_runtime_conformance"
"muscle","material","cable/rope","10","garrysmod/gamemodes/sandbox/entities/weapons/gmod_tool/stools/muscle.lua","literal_installed_default_not_runtime_conformance"
"muscle","starton","0","11","garrysmod/gamemodes/sandbox/entities/weapons/gmod_tool/stools/muscle.lua","literal_installed_default_not_runtime_conformance"
"muscle","color_r","255","12","garrysmod/gamemodes/sandbox/entities/weapons/gmod_tool/stools/muscle.lua","literal_installed_default_not_runtime_conformance"
"muscle","color_g","255","13","garrysmod/gamemodes/sandbox/entities/weapons/gmod_tool/stools/muscle.lua","literal_installed_default_not_runtime_conformance"
"muscle","color_b","255","14","garrysmod/gamemodes/sandbox/entities/weapons/gmod_tool/stools/muscle.lua","literal_installed_default_not_runtime_conformance"
"paint","decal","Blood","9","garrysmod/gamemodes/sandbox/entities/weapons/gmod_tool/stools/paint.lua","literal_installed_default_not_runtime_conformance"
"physprop","gravity_toggle","1","5","garrysmod/gamemodes/sandbox/entities/weapons/gmod_tool/stools/physprop.lua","literal_installed_default_not_runtime_conformance"
"physprop","material","metal_bouncy","6","garrysmod/gamemodes/sandbox/entities/weapons/gmod_tool/stools/physprop.lua","literal_installed_default_not_runtime_conformance"
"pulley","width","3","5","garrysmod/gamemodes/sandbox/entities/weapons/gmod_tool/stools/pulley.lua","literal_installed_default_not_runtime_conformance"
"pulley","forcelimit","0","6","garrysmod/gamemodes/sandbox/entities/weapons/gmod_tool/stools/pulley.lua","literal_installed_default_not_runtime_conformance"
"pulley","rigid","0","7","garrysmod/gamemodes/sandbox/entities/weapons/gmod_tool/stools/pulley.lua","literal_installed_default_not_runtime_conformance"
"pulley","material","cable/cable","8","garrysmod/gamemodes/sandbox/entities/weapons/gmod_tool/stools/pulley.lua","literal_installed_default_not_runtime_conformance"
"pulley","color_r","255","9","garrysmod/gamemodes/sandbox/entities/weapons/gmod_tool/stools/pulley.lua","literal_installed_default_not_runtime_conformance"
"pulley","color_g","255","10","garrysmod/gamemodes/sandbox/entities/weapons/gmod_tool/stools/pulley.lua","literal_installed_default_not_runtime_conformance"
"pulley","color_b","255","11","garrysmod/gamemodes/sandbox/entities/weapons/gmod_tool/stools/pulley.lua","literal_installed_default_not_runtime_conformance"
"rope","forcelimit","0","5","garrysmod/gamemodes/sandbox/entities/weapons/gmod_tool/stools/rope.lua","literal_installed_default_not_runtime_conformance"
"rope","addlength","0","6","garrysmod/gamemodes/sandbox/entities/weapons/gmod_tool/stools/rope.lua","literal_installed_default_not_runtime_conformance"
"rope","material","cable/rope","7","garrysmod/gamemodes/sandbox/entities/weapons/gmod_tool/stools/rope.lua","literal_installed_default_not_runtime_conformance"
"rope","width","2","8","garrysmod/gamemodes/sandbox/entities/weapons/gmod_tool/stools/rope.lua","literal_installed_default_not_runtime_conformance"
"rope","rigid","0","9","garrysmod/gamemodes/sandbox/entities/weapons/gmod_tool/stools/rope.lua","literal_installed_default_not_runtime_conformance"
"rope","color_r","255","10","garrysmod/gamemodes/sandbox/entities/weapons/gmod_tool/stools/rope.lua","literal_installed_default_not_runtime_conformance"
"rope","color_g","255","11","garrysmod/gamemodes/sandbox/entities/weapons/gmod_tool/stools/rope.lua","literal_installed_default_not_runtime_conformance"
"rope","color_b","255","12","garrysmod/gamemodes/sandbox/entities/weapons/gmod_tool/stools/rope.lua","literal_installed_default_not_runtime_conformance"
"slider","width","1.5","5","garrysmod/gamemodes/sandbox/entities/weapons/gmod_tool/stools/slider.lua","literal_installed_default_not_runtime_conformance"
"slider","material","cable/cable","6","garrysmod/gamemodes/sandbox/entities/weapons/gmod_tool/stools/slider.lua","literal_installed_default_not_runtime_conformance"
"slider","color_r","255","7","garrysmod/gamemodes/sandbox/entities/weapons/gmod_tool/stools/slider.lua","literal_installed_default_not_runtime_conformance"
"slider","color_g","255","8","garrysmod/gamemodes/sandbox/entities/weapons/gmod_tool/stools/slider.lua","literal_installed_default_not_runtime_conformance"
"slider","color_b","255","9","garrysmod/gamemodes/sandbox/entities/weapons/gmod_tool/stools/slider.lua","literal_installed_default_not_runtime_conformance"
"thruster","force","1500","5","garrysmod/gamemodes/sandbox/entities/weapons/gmod_tool/stools/thruster.lua","literal_installed_default_not_runtime_conformance"
"thruster","model","models/props_phx2/garbage_metalcan001a.mdl","6","garrysmod/gamemodes/sandbox/entities/weapons/gmod_tool/stools/thruster.lua","literal_installed_default_not_runtime_conformance"
"thruster","keygroup","45","7","garrysmod/gamemodes/sandbox/entities/weapons/gmod_tool/stools/thruster.lua","literal_installed_default_not_runtime_conformance"
"thruster","keygroup_back","42","8","garrysmod/gamemodes/sandbox/entities/weapons/gmod_tool/stools/thruster.lua","literal_installed_default_not_runtime_conformance"
"thruster","toggle","0","9","garrysmod/gamemodes/sandbox/entities/weapons/gmod_tool/stools/thruster.lua","literal_installed_default_not_runtime_conformance"
"thruster","collision","0","10","garrysmod/gamemodes/sandbox/entities/weapons/gmod_tool/stools/thruster.lua","literal_installed_default_not_runtime_conformance"
"thruster","effect","fire","11","garrysmod/gamemodes/sandbox/entities/weapons/gmod_tool/stools/thruster.lua","literal_installed_default_not_runtime_conformance"
"thruster","damageable","0","12","garrysmod/gamemodes/sandbox/entities/weapons/gmod_tool/stools/thruster.lua","literal_installed_default_not_runtime_conformance"
"thruster","soundname","PhysicsCannister.ThrusterLoop","13","garrysmod/gamemodes/sandbox/entities/weapons/gmod_tool/stools/thruster.lua","literal_installed_default_not_runtime_conformance"
"trails","r","255","5","garrysmod/gamemodes/sandbox/entities/weapons/gmod_tool/stools/trails.lua","literal_installed_default_not_runtime_conformance"
"trails","g","255","6","garrysmod/gamemodes/sandbox/entities/weapons/gmod_tool/stools/trails.lua","literal_installed_default_not_runtime_conformance"
"trails","b","255","7","garrysmod/gamemodes/sandbox/entities/weapons/gmod_tool/stools/trails.lua","literal_installed_default_not_runtime_conformance"
"trails","a","255","8","garrysmod/gamemodes/sandbox/entities/weapons/gmod_tool/stools/trails.lua","literal_installed_default_not_runtime_conformance"
"trails","length","5","10","garrysmod/gamemodes/sandbox/entities/weapons/gmod_tool/stools/trails.lua","literal_installed_default_not_runtime_conformance"
"trails","startsize","32","11","garrysmod/gamemodes/sandbox/entities/weapons/gmod_tool/stools/trails.lua","literal_installed_default_not_runtime_conformance"
"trails","endsize","0","12","garrysmod/gamemodes/sandbox/entities/weapons/gmod_tool/stools/trails.lua","literal_installed_default_not_runtime_conformance"
"trails","material","trails/lol","14","garrysmod/gamemodes/sandbox/entities/weapons/gmod_tool/stools/trails.lua","literal_installed_default_not_runtime_conformance"
"weld","forcelimit","0","5","garrysmod/gamemodes/sandbox/entities/weapons/gmod_tool/stools/weld.lua","literal_installed_default_not_runtime_conformance"
"weld","nocollide","0","6","garrysmod/gamemodes/sandbox/entities/weapons/gmod_tool/stools/weld.lua","literal_installed_default_not_runtime_conformance"
"wheel","torque","3000","5","garrysmod/gamemodes/sandbox/entities/weapons/gmod_tool/stools/wheel.lua","literal_installed_default_not_runtime_conformance"
"wheel","friction","1","6","garrysmod/gamemodes/sandbox/entities/weapons/gmod_tool/stools/wheel.lua","literal_installed_default_not_runtime_conformance"
"wheel","nocollide","1","7","garrysmod/gamemodes/sandbox/entities/weapons/gmod_tool/stools/wheel.lua","literal_installed_default_not_runtime_conformance"
"wheel","forcelimit","0","8","garrysmod/gamemodes/sandbox/entities/weapons/gmod_tool/stools/wheel.lua","literal_installed_default_not_runtime_conformance"
"wheel","fwd","45","9","garrysmod/gamemodes/sandbox/entities/weapons/gmod_tool/stools/wheel.lua","literal_installed_default_not_runtime_conformance"
"wheel","bck","42","10","garrysmod/gamemodes/sandbox/entities/weapons/gmod_tool/stools/wheel.lua","literal_installed_default_not_runtime_conformance"
"wheel","toggle","0","11","garrysmod/gamemodes/sandbox/entities/weapons/gmod_tool/stools/wheel.lua","literal_installed_default_not_runtime_conformance"
"wheel","model","models/props_vehicles/carparts_wheel01a.mdl","12","garrysmod/gamemodes/sandbox/entities/weapons/gmod_tool/stools/wheel.lua","literal_installed_default_not_runtime_conformance"
"wheel","rx","90","13","garrysmod/gamemodes/sandbox/entities/weapons/gmod_tool/stools/wheel.lua","literal_installed_default_not_runtime_conformance"
"wheel","ry","0","14","garrysmod/gamemodes/sandbox/entities/weapons/gmod_tool/stools/wheel.lua","literal_installed_default_not_runtime_conformance"
"wheel","rz","90","15","garrysmod/gamemodes/sandbox/entities/weapons/gmod_tool/stools/wheel.lua","literal_installed_default_not_runtime_conformance"
"winch","rope_material","cable/rope","5","garrysmod/gamemodes/sandbox/entities/weapons/gmod_tool/stools/winch.lua","literal_installed_default_not_runtime_conformance"
"winch","rope_width","3","6","garrysmod/gamemodes/sandbox/entities/weapons/gmod_tool/stools/winch.lua","literal_installed_default_not_runtime_conformance"
"winch","fwd_speed","64","7","garrysmod/gamemodes/sandbox/entities/weapons/gmod_tool/stools/winch.lua","literal_installed_default_not_runtime_conformance"
"winch","bwd_speed","64","8","garrysmod/gamemodes/sandbox/entities/weapons/gmod_tool/stools/winch.lua","literal_installed_default_not_runtime_conformance"
"winch","fwd_group","44","9","garrysmod/gamemodes/sandbox/entities/weapons/gmod_tool/stools/winch.lua","literal_installed_default_not_runtime_conformance"
"winch","bwd_group","41","10","garrysmod/gamemodes/sandbox/entities/weapons/gmod_tool/stools/winch.lua","literal_installed_default_not_runtime_conformance"
"winch","color_r","255","11","garrysmod/gamemodes/sandbox/entities/weapons/gmod_tool/stools/winch.lua","literal_installed_default_not_runtime_conformance"
"winch","color_g","255","12","garrysmod/gamemodes/sandbox/entities/weapons/gmod_tool/stools/winch.lua","literal_installed_default_not_runtime_conformance"
"winch","color_b","255","13","garrysmod/gamemodes/sandbox/entities/weapons/gmod_tool/stools/winch.lua","literal_installed_default_not_runtime_conformance"
