id,phase,gap_ids,depends_on,status,work,acceptance,remaining
reference_baseline,00,reference_capture|reference_options,none,planned,Pin reference build settings and enumerate state cases,Every parity claim has original and candidate evidence,Native options and dynamic registrations remain unenumerated
effects_01a,01,physgun_glow|physgun_beam,none,implemented_partial,Add attachment glows and scrolling textured beam from mounted assets,First and third-person held/released/switch smoke plus lifecycle tests,Reference appearance claws sound player color and hit-point anchoring remain
effects_01b,01,physgun_claws|physgun_audio|physgun_color|physgun_light,effects_01a|reference_baseline,planned,Complete observed state transitions and audiovisual behavior,Paired acquire hold release freeze and switch recordings,Do not invent projected illumination without reference evidence
interaction_02,02,physgun_hitpoint|physgun_rotation|physgun_unfreeze|physgun_eligibility|ui_focus,effects_01a,in_progress,Cursor recapture and contextual feedback implemented then continue exact grab anchors and stock controls,Drew context_feedback_cases plus occlusion permissions reload and rotation,Runtime cursor/input acceptance and remaining physgun semantics open
menu_03a,03,menu_layout|menu_tree|menu_icons|menu_tools|menu_search|menu_scroll|menu_q_behavior|ui_fonts,reference_baseline,in_progress,Replace custom menu shell with reference-driven Q layout and focused widgets,Two-resolution paired screenshots plus keyboard and mouse interaction tests,Stock spawnlist parsing and complete option widgets required
menu_03b,03,context_layout|context_props|context_player|menu_tabs|menu_favorites|hud|settings_menu|localization_tokens,menu_03a,planned,Complete stock context and customization interfaces then HUD and settings,Per-panel action defaults persistence resize and localization cases,Unimplemented actions must never be presented as working
player_04,04,move_accel|move_air|move_crouch|move_steps|move_swim|move_platforms|move_hull|move_spawn|noclip_exit|camera_third|anim_directions|anim_air|anim_blend|world_attachment,reference_baseline,in_progress,Source baseline momentum friction air strafe and standing Sandbox boost implemented from researched rules,Drew movement_reference trajectories plus remaining animation state corpus,Native timing hull collision crouch water platforms surf and complete animation remain open
content_05,05,prop_phy|bsp_entities|bsp_surfaces|bsp_collision|sky_3d|sky_orientation|lightmaps_hdr|model_lighting|materials_shaders|materials_proxies|water_render|glass_mirrors|model_decode|model_bodygroups,reference_baseline,planned,Improve original-content decoding collision and renderer fidelity,Versioned asset corpus and matched scene views,Unsupported formats and material proxies stay explicitly reported
tool_framework_06,06,tool_stages|ownership_rules|entity_callbacks|undo_groups|cleanup_groups,interaction_02,in_progress,Stable staged tools validated commands ownership and operation groups,Cancel permission undo cleanup and missing-target tests,Current snapshot undo is not stock undo semantics
constraints_07,07,constraint_graph|axis_tool|ballsocket_tool|elastic_tool|rope_tool|slider_tool|weld_tool|motor_tool|hydraulic_tool|muscle_tool|pulley_tool|winch_tool|wheel_tool,tool_framework_06|content_05,in_progress,Implement every joint with authored options and lifecycle,Anchor drift breaking sleep duplication undo and restore fixtures,Every joint requires its own measured reference
construction_07b,07,balloon_tool|button_tool|camera_tool|colour_tool|dynamite_tool|editentity_tool|emitter_tool|hoverball_tool|lamp_tool|light_tool|material_tool|nocollide_tool|paint_tool|physprop_tool|remover_tool|thruster_tool|trails_tool|creator_tool,constraints_07,in_progress,Work through remaining stock construction tools and their option panels,Primary secondary reload each option and persistence per tool,Internal and legacy examples stay research-only
persistence_08,08,dupe_assemblies|duplicator_tool|save_compat|save_transaction|player_ragdoll|eyeposer_tool|faceposer_tool|finger_tool|inflator_tool|anim_face|anim_procedural,constraints_07|player_04,in_progress,Assemblies full scene transactions ragdolls and posing,Roundtrip and failure corpus plus per-bone behavior,Do not overwrite user saves during verification
combat_audio_09,09,player_life|damage_rules|weapon_inventory|stock_firearms|stock_special|gravity_actions|weapon_events|viewmodel_motion|audio_environment|audio_channels,tool_framework_06|player_04,planned,Weapon and player lifecycle event pipeline plus stock sounds,Each weapon primary secondary reload damage and audio timing suite,Audio/visual reference capture required
world_ai_10,10,map_io_dispatch|map_interactions|npc_ai|npc_controls|navigation_data|nextbot_runtime|vehicle_runtime,content_05|combat_audio_09,planned,Map entity state machines navigation NPCs and vehicles,Every scoped map entity and stock class has cases,Dynamic entity coverage is separate from visible geometry
network_11,11,net_replication|net_prediction|net_lua|server_runtime|chat_scoreboard,tool_framework_06|persistence_08,planned,Authoritative server replication prediction and multiplayer interfaces,Two clients late join reconnect latency loss and ownership tests,Stable IDs and versioned protocols required
lua_modes_12,12,lua_dialect|lua_realms_files|lua_hook_rules|lua_timer_rules|lua_storage_api|lua_entity_api|derma_widgets|gamemode_loading,network_11|tool_framework_06,planned,Versioned Lua and stock gamemode compatibility surface,Per-API realm hook error and lifecycle conformance,Native module support is a separate explicit policy
platform_13,13,steam_services|workshop_lifecycle|gma_archives|mount_precedence|addon_modes|native_modules,lua_modes_12|network_11,planned,Authorized platform integration safe archives and scoped addons,Dependency precedence install update remove and recovery cases,Never publish credentials or third-party payloads
quality_14,14,security_addons|security_assets|performance_budgets|launch_portability|inventory_coverage|content_authoring|replays_diagnostics|achievements_rules,none,in_progress,Prioritize reported spawn lag with performance_cases.csv then continue safety portability and discovery,User-run cold and warm spawn plus repeated frame metrics and remaining quality cases,Optimized dependencies and async preparation implemented; performance and one-to-one acceptance remain unverified
menu_03c,03,main_menu|tool_screen|console_registry,menu_03a,in_progress,Work through menu_work_items with 368 HTML controls 1138 CSS declarations 140 native controls and 30 Sandbox settings after menu repair,Drew-run label/icon clicks matched screens and session preservation,Native option runtime subpage backends exact metrics and inherited controls remain
animation_04b,04,viewmodel_hands|viewmodel_projection|anim_format,player_04,planned,Complete model-specific hands camera projection and animation encodings,Paired supported model-weapon matrix and parser corpus,Selected working clips do not establish complete format coverage
physics_05b,05,prop_spawn_trace|prop_solver|prop_buoyancy|prop_damage,content_05,in_progress,Reference prop placement rigid-body response fluids and breakables,Repeated spawn drop stack buoyancy damage fixtures,Rapier needs measured deviations rather than an equivalence assumption
render_05b,05,map_pvs|materials_patch|decals_overlays|texture_formats|model_hitboxes|light_dynamic|post_effects|render_api|effect_runtime,content_05,planned,Complete material visibility effects and renderer interfaces,Versioned format corpus and ordered render-state comparisons,All settings and uncommon assets need explicit cases
legacy_research,00,example_tool|leafblower_tool,none,planned,Classify internal and legacy tool declarations without advertising them as features,Document actual installed availability and callback roles,No player-facing semantics assumed from file presence
