id,source,evidence,port_status
axis,garrysmod/gamemodes/sandbox/entities/weapons/gmod_tool/stools/axis.lua,installed_file,not_ported
balloon,garrysmod/gamemodes/sandbox/entities/weapons/gmod_tool/stools/balloon.lua,installed_file,not_ported
ballsocket,garrysmod/gamemodes/sandbox/entities/weapons/gmod_tool/stools/ballsocket.lua,installed_file,not_ported
button,garrysmod/gamemodes/sandbox/entities/weapons/gmod_tool/stools/button.lua,installed_file,not_ported
camera,garrysmod/gamemodes/sandbox/entities/weapons/gmod_tool/stools/camera.lua,installed_file,not_ported
colour,garrysmod/gamemodes/sandbox/entities/weapons/gmod_tool/stools/colour.lua,installed_file,not_ported
creator,garrysmod/gamemodes/sandbox/entities/weapons/gmod_tool/stools/creator.lua,installed_file,not_ported
duplicator,garrysmod/gamemodes/sandbox/entities/weapons/gmod_tool/stools/duplicator.lua,installed_file,not_ported
dynamite,garrysmod/gamemodes/sandbox/entities/weapons/gmod_tool/stools/dynamite.lua,installed_file,not_ported
editentity,garrysmod/gamemodes/sandbox/entities/weapons/gmod_tool/stools/editentity.lua,installed_file,not_ported
elastic,garrysmod/gamemodes/sandbox/entities/weapons/gmod_tool/stools/elastic.lua,installed_file,not_ported
emitter,garrysmod/gamemodes/sandbox/entities/weapons/gmod_tool/stools/emitter.lua,installed_file,not_ported
example,garrysmod/gamemodes/sandbox/entities/weapons/gmod_tool/stools/example.lua,installed_file,not_ported
eyeposer,garrysmod/gamemodes/sandbox/entities/weapons/gmod_tool/stools/eyeposer.lua,installed_file,not_ported
faceposer,garrysmod/gamemodes/sandbox/entities/weapons/gmod_tool/stools/faceposer.lua,installed_file,not_ported
finger,garrysmod/gamemodes/sandbox/entities/weapons/gmod_tool/stools/finger.lua,installed_file,not_ported
hoverball,garrysmod/gamemodes/sandbox/entities/weapons/gmod_tool/stools/hoverball.lua,installed_file,not_ported
hydraulic,garrysmod/gamemodes/sandbox/entities/weapons/gmod_tool/stools/hydraulic.lua,installed_file,not_ported
inflator,garrysmod/gamemodes/sandbox/entities/weapons/gmod_tool/stools/inflator.lua,installed_file,not_ported
lamp,garrysmod/gamemodes/sandbox/entities/weapons/gmod_tool/stools/lamp.lua,installed_file,not_ported
leafblower,garrysmod/gamemodes/sandbox/entities/weapons/gmod_tool/stools/leafblower.lua,installed_file,not_ported
light,garrysmod/gamemodes/sandbox/entities/weapons/gmod_tool/stools/light.lua,installed_file,not_ported
material,garrysmod/gamemodes/sandbox/entities/weapons/gmod_tool/stools/material.lua,installed_file,not_ported
motor,garrysmod/gamemodes/sandbox/entities/weapons/gmod_tool/stools/motor.lua,installed_file,not_ported
muscle,garrysmod/gamemodes/sandbox/entities/weapons/gmod_tool/stools/muscle.lua,installed_file,not_ported
nocollide,garrysmod/gamemodes/sandbox/entities/weapons/gmod_tool/stools/nocollide.lua,installed_file,not_ported
paint,garrysmod/gamemodes/sandbox/entities/weapons/gmod_tool/stools/paint.lua,installed_file,not_ported
physprop,garrysmod/gamemodes/sandbox/entities/weapons/gmod_tool/stools/physprop.lua,installed_file,not_ported
pulley,garrysmod/gamemodes/sandbox/entities/weapons/gmod_tool/stools/pulley.lua,installed_file,not_ported
remover,garrysmod/gamemodes/sandbox/entities/weapons/gmod_tool/stools/remover.lua,installed_file,not_ported
rope,garrysmod/gamemodes/sandbox/entities/weapons/gmod_tool/stools/rope.lua,installed_file,not_ported
slider,garrysmod/gamemodes/sandbox/entities/weapons/gmod_tool/stools/slider.lua,installed_file,not_ported
thruster,garrysmod/gamemodes/sandbox/entities/weapons/gmod_tool/stools/thruster.lua,installed_file,not_ported
trails,garrysmod/gamemodes/sandbox/entities/weapons/gmod_tool/stools/trails.lua,installed_file,not_ported
weld,garrysmod/gamemodes/sandbox/entities/weapons/gmod_tool/stools/weld.lua,installed_file,not_ported
wheel,garrysmod/gamemodes/sandbox/entities/weapons/gmod_tool/stools/wheel.lua,installed_file,not_ported
winch,garrysmod/gamemodes/sandbox/entities/weapons/gmod_tool/stools/winch.lua,installed_file,not_ported
